Workbook
Name NativeTimeline_Día1: #N/A
Name NativeTimeline_Fecha: #N/A
Name SegmentaciónDeDatos_P_LC_CF_CL1: #N/A

Sheet Hoja1
A3: Semana | B3: Meses (Día) | C3: Días (Día) | D3: Día | E3: Cuenta de Tiempo producción | F3: Suma de Tiempo producción
A4: 12 | B4: mar | C4: 17-mar | D4: 45733 | E4: 4 | F4: 0.60763889
C5: 17-mar Total | E5: 4 | F5: 0.60763889
C6: 18-mar | D6: 45734 | E6: 6 | F6: 0.58333333
C7: 18-mar Total | E7: 6 | F7: 0.58333333
C8: 19-mar | D8: 45735 | E8: 4 | F8: 0.60763889
C9: 19-mar Total | E9: 4 | F9: 0.60763889
C10: 20-mar | D10: 45736 | E10: 3 | F10: 0.52986111
C11: 20-mar Total | E11: 3 | F11: 0.52986111
C12: 21-mar | D12: 45737 | E12: 4 | F12: 0.09375
C13: 21-mar Total | E13: 4 | F13: 0.09375
B14: mar Total | E14: 21 | F14: 2.4222222
A15: 12 Total | E15: 21 | F15: 2.4222222
A16: 13 | B16: mar | C16: 24-mar | D16: 45740 | E16: 3 | F16: 0.38888889
C17: 24-mar Total | E17: 3 | F17: 0.38888889
C18: 25-mar | D18: 45741 | E18: 5 | F18: 0.23611111
C19: 25-mar Total | E19: 5 | F19: 0.23611111
C20: 26-mar | D20: 45742 | E20: 3 | F20: 0.46875
C21: 26-mar Total | E21: 3 | F21: 0.46875
C22: 27-mar | D22: 45743 | E22: 2 | F22: 0.59375
C23: 27-mar Total | E23: 2 | F23: 0.59375
C24: 28-mar | D24: 45744 | E24: 1 | F24: 0.024305556
C25: 28-mar Total | E25: 1 | F25: 0.024305556
B26: mar Total | E26: 14 | F26: 1.7118056
A27: 13 Total | E27: 14 | F27: 1.7118056
A28: 15 | B28: abr | C28: 11-abr | D28: 45758 | E28: 1 | F28: 0
C29: 11-abr Total | E29: 1 | F29: 0
B30: abr Total | E30: 1 | F30: 0
A31: 15 Total | E31: 1 | F31: 0
A32: 16 | B32: abr | C32: 14-abr | D32: 45761 | E32: 1 | F32: 0
C33: 14-abr Total | E33: 1 | F33: 0
C34: 15-abr | D34: 45762 | E34: 1 | F34: 0
C35: 15-abr Total | E35: 1 | F35: 0
C36: 16-abr | D36: 45763 | E36: 1 | F36: 0
C37: 16-abr Total | E37: 1 | F37: 0
B38: abr Total | E38: 3 | F38: 0
A39: 16 Total | E39: 3 | F39: 0
A40: 17 | B40: abr | C40: 22-abr | D40: 45769 | E40: 2 | F40: 0.33333333
C41: 22-abr Total | E41: 2 | F41: 0.33333333
C42: 23-abr | D42: 45770 | E42: 1 | F42: 0.66666667
C43: 23-abr Total | E43: 1 | F43: 0.66666667
C44: 24-abr | D44: 45771 | E44: 1 | F44: 0.66666667
C45: 24-abr Total | E45: 1 | F45: 0.66666667
C46: 25-abr | D46: 45772 | E46: 3 | F46: 0.40277778
C47: 25-abr Total | E47: 3 | F47: 0.40277778
B48: abr Total | E48: 7 | F48: 2.0694444
A49: 17 Total | E49: 7 | F49: 2.0694444
A50: 18 | B50: abr | C50: 28-abr | D50: 45775 | E50: 2 | F50: 0.4375
C51: 28-abr Total | E51: 2 | F51: 0.4375
C52: 29-abr | D52: 45776 | E52: 2 | F52: 0.30208333
C53: 29-abr Total | E53: 2 | F53: 0.30208333
C54: 30-abr | D54: 45777 | E54: 2 | F54: 0.48263889
C55: 30-abr Total | E55: 2 | F55: 0.48263889
B56: abr Total | E56: 6 | F56: 1.2222222
B57: may | C57: 02-may | D57: 45779 | E57: 3 | F57: 0.24652778
C58: 02-may Total | E58: 3 | F58: 0.24652778
B59: may Total | E59: 3 | F59: 0.24652778
A60: 18 Total | E60: 9 | F60: 1.46875
A61: 19 | B61: may | C61: 05-may | D61: 45782 | E61: 4 | F61: 0.53125
C62: 05-may Total | E62: 4 | F62: 0.53125
C63: 06-may | D63: 45783 | E63: 3 | F63: 0.3125
C64: 06-may Total | E64: 3 | F64: 0.3125
C65: 07-may | D65: 45784 | E65: 4 | F65: 0.56944444
C66: 07-may Total | E66: 4 | F66: 0.56944444
C67: 08-may | D67: 45785 | E67: 2 | F67: 0.40972222
C68: 08-may Total | E68: 2 | F68: 0.40972222
C69: 09-may | D69: 45786 | E69: 1 | F69: 0.27083333
C70: 09-may Total | E70: 1 | F70: 0.27083333
B71: may Total | E71: 14 | F71: 2.09375
A72: 19 Total | E72: 14 | F72: 2.09375
A73: 20 | B73: may | C73: 12-may | D73: 45789 | E73: 2 | F73: 0.34375
C74: 12-may Total | E74: 2 | F74: 0.34375
C75: 13-may | D75: 45790 | E75: 4 | F75: 0.57986111
C76: 13-may Total | E76: 4 | F76: 0.57986111
C77: 14-may | D77: 45791 | E77: 4 | F77: 0.53472222
C78: 14-may Total | E78: 4 | F78: 0.53472222
C79: 15-may | D79: 45792 | E79: 3 | F79: 0.15972222
C80: 15-may Total | E80: 3 | F80: 0.15972222
C81: 16-may | D81: 45793 | E81: 3 | F81: 0.30208333
C82: 16-may Total | E82: 3 | F82: 0.30208333
B83: may Total | E83: 16 | F83: 1.9201389
A84: 20 Total | E84: 16 | F84: 1.9201389
A85: 21 | B85: may | C85: 19-may | D85: 45796 | E85: 4 | F85: 0.51736111
C86: 19-may Total | E86: 4 | F86: 0.51736111
C87: 20-may | D87: 45797 | E87: 4 | F87: 0.50347222
C88: 20-may Total | E88: 4 | F88: 0.50347222
C89: 21-may | D89: 45798 | E89: 2 | F89: 0.30555556
C90: 21-may Total | E90: 2 | F90: 0.30555556
C91: 22-may | D91: 45799 | E91: 1 | F91: 0.33680556
C92: 22-may Total | E92: 1 | F92: 0.33680556
C93: 23-may | D93: 45800 | E93: 3 | F93: 0.53819444
C94: 23-may Total | E94: 3 | F94: 0.53819444
B95: may Total | E95: 14 | F95: 2.2013889
A96: 21 Total | E96: 14 | F96: 2.2013889
A97: 22 | B97: may | C97: 26-may | D97: 45803 | E97: 2 | F97: 0.5625
C98: 26-may Total | E98: 2 | F98: 0.5625
C99: 27-may | D99: 45804 | E99: 2 | F99: 0.41319444
C100: 27-may Total | E100: 2 | F100: 0.41319444
C101: 28-may | D101: 45805 | E101: 2 | F101: 0.28472222
C102: 28-may Total | E102: 2 | F102: 0.28472222
...

Sheet Hoja2
H1: =IF(G1>1,"V","F") -> F
D2: 1800 | F2: 0.625
A3: Row Labels | B3: Suma de Tiempo producción | C3: Cantidad producida | D3: Cantidad teórica | E3: Rendimiento | F3: Disponibilidad | G3: Fallos disponibilidad
A4: 12 | B4: 2.4222222 | D4: =IF(A4<53,"",IFERROR(((HOUR(B4)*60+MINUTE(B4))/60)*$D$2,"")) | E4: =IFERROR(C4/D4,"") | F4: =IF(A4<53,"",IFERROR(B4/$F$2,"")) | G4: =IF(F4="","",IF(F4>1,"NO",""))
A5: 13 | B5: 1.7118056 | D5: =IF(A5<53,"",IFERROR(((HOUR(B5)*60+MINUTE(B5))/60)*$D$2,"")) | E5: =IFERROR(C5/D5,"") | F5: =IF(A5<53,"",IFERROR(B5/$F$2,"")) | G5: =IF(F5="","",IF(F5>1,"NO",""))
A6: 15 | B6: 0 | D6: =IF(A6<53,"",IFERROR(((HOUR(B6)*60+MINUTE(B6))/60)*$D$2,"")) | E6: =IFERROR(C6/D6,"") | F6: =IF(A6<53,"",IFERROR(B6/$F$2,"")) | G6: =IF(F6="","",IF(F6>1,"NO",""))
A7: 16 | B7: 0 | D7: =IF(A7<53,"",IFERROR(((HOUR(B7)*60+MINUTE(B7))/60)*$D$2,"")) | E7: =IFERROR(C7/D7,"") | F7: =IF(A7<53,"",IFERROR(B7/$F$2,"")) | G7: =IF(F7="","",IF(F7>1,"NO",""))
A8: 17 | B8: 2.0694444 | D8: =IF(A8<53,"",IFERROR(((HOUR(B8)*60+MINUTE(B8))/60)*$D$2,"")) | E8: =IFERROR(C8/D8,"") | F8: =IF(A8<53,"",IFERROR(B8/$F$2,"")) | G8: =IF(F8="","",IF(F8>1,"NO",""))
A9: 18 | B9: 1.46875 | D9: =IF(A9<53,"",IFERROR(((HOUR(B9)*60+MINUTE(B9))/60)*$D$2,"")) | E9: =IFERROR(C9/D9,"") | F9: =IF(A9<53,"",IFERROR(B9/$F$2,"")) | G9: =IF(F9="","",IF(F9>1,"NO",""))
A10: 19 | B10: 2.09375 | D10: =IF(A10<53,"",IFERROR(((HOUR(B10)*60+MINUTE(B10))/60)*$D$2,"")) | E10: =IFERROR(C10/D10,"") | F10: =IF(A10<53,"",IFERROR(B10/$F$2,"")) | G10: =IF(F10="","",IF(F10>1,"NO",""))
A11: 20 | B11: 1.9201389 | D11: =IF(A11<53,"",IFERROR(((HOUR(B11)*60+MINUTE(B11))/60)*$D$2,"")) | E11: =IFERROR(C11/D11,"") | F11: =IF(A11<53,"",IFERROR(B11/$F$2,"")) | G11: =IF(F11="","",IF(F11>1,"NO",""))
A12: 21 | B12: 2.2013889 | D12: =IF(A12<53,"",IFERROR(((HOUR(B12)*60+MINUTE(B12))/60)*$D$2,"")) | E12: =IFERROR(C12/D12,"") | F12: =IF(A12<53,"",IFERROR(B12/$F$2,"")) | G12: =IF(F12="","",IF(F12>1,"NO",""))
A13: 22 | B13: 2.0069444 | D13: =IF(A13<53,"",IFERROR(((HOUR(B13)*60+MINUTE(B13))/60)*$D$2,"")) | E13: =IFERROR(C13/D13,"") | F13: =IF(A13<53,"",IFERROR(B13/$F$2,"")) | G13: =IF(F13="","",IF(F13>1,"NO",""))
A14: 23 | B14: 0.99652778 | D14: =IF(A14<53,"",IFERROR(((HOUR(B14)*60+MINUTE(B14))/60)*$D$2,"")) | E14: =IFERROR(C14/D14,"") | F14: =IF(A14<53,"",IFERROR(B14/$F$2,"")) | G14: =IF(F14="","",IF(F14>1,"NO",""))
A15: 6 | B15: 1.2569444 | D15: =IF(A15<53,"",IFERROR(((HOUR(B15)*60+MINUTE(B15))/60)*$D$2,"")) | E15: =IFERROR(C15/D15,"") | F15: =IF(A15<53,"",IFERROR(B15/$F$2,"")) | G15: =IF(F15="","",IF(F15>1,"NO",""))
... A27: 30 | B27: 1.2604167 | D27: =IF(A27<53,"",IFERROR(((HOUR(B27)*60+MINUTE(B27))/60)*$D$2,"")) | E27: =IFERROR(C27/D27,"") | F27: =IF(A27<53,"",IFERROR(B27/$F$2,"")) | G27: =IF(F27="","",IF(F27>1,"NO",""))
A28: Grand Total | B28: 33.691667 | D28: =IF(A28<53,"",IFERROR(((HOUR(B28)*60+MINUTE(B28))/60)*$D$2,"")) -> 29880 | E28: =IFERROR(C28/D28,"") -> 0 | F28: =IF(A28<53,"",IFERROR(B28/$F$2,"")) -> 53.906667 | G28: =IF(F28="","",IF(F28>1,"NO","")) -> NO
D29: =IF(A29<53,"",IFERROR(((HOUR(B29)*60+MINUTE(B29))/60)*$D$2,"")) | E29: =IFERROR(C29/D29,"") | F29: =IF(A29<53,"",IFERROR(B29/$F$2,"")) | G29: =IF(F29="","",IF(F29>1,"NO",""))
D30: =IF(A30<53,"",IFERROR(((HOUR(B30)*60+MINUTE(B30))/60)*$D$2,"")) | E30: =IFERROR(C30/D30,"") | F30: =IF(A30<53,"",IFERROR(B30/$F$2,"")) | G30: =IF(F30="","",IF(F30>1,"NO",""))
D31: =IF(A31<53,"",IFERROR(((HOUR(B31)*60+MINUTE(B31))/60)*$D$2,"")) | E31: =IFERROR(C31/D31,"") | F31: =IF(A31<53,"",IFERROR(B31/$F$2,"")) | G31: =IF(F31="","",IF(F31>1,"NO",""))
D32: =IF(A32<53,"",IFERROR(((HOUR(B32)*60+MINUTE(B32))/60)*$D$2,"")) | E32: =IFERROR(C32/D32,"") | F32: =IF(A32<53,"",IFERROR(B32/$F$2,"")) | G32: =IF(F32="","",IF(F32>1,"NO",""))
D33: =IF(A33<53,"",IFERROR(((HOUR(B33)*60+MINUTE(B33))/60)*$D$2,"")) | E33: =IFERROR(C33/D33,"") | F33: =IF(A33<53,"",IFERROR(B33/$F$2,"")) | G33: =IF(F33="","",IF(F33>1,"NO",""))
D34: =IF(A34<53,"",IFERROR(((HOUR(B34)*60+MINUTE(B34))/60)*$D$2,"")) | E34: =IFERROR(C34/D34,"") | F34: =IF(A34<53,"",IFERROR(B34/$F$2,"")) | G34: =IF(F34="","",IF(F34>1,"NO",""))
D35: =IF(A35<53,"",IFERROR(((HOUR(B35)*60+MINUTE(B35))/60)*$D$2,"")) | E35: =IFERROR(C35/D35,"") | F35: =IF(A35<53,"",IFERROR(B35/$F$2,"")) | G35: =IF(F35="","",IF(F35>1,"NO",""))
D36: =IF(A36<53,"",IFERROR(((HOUR(B36)*60+MINUTE(B36))/60)*$D$2,"")) | E36: =IFERROR(C36/D36,"") | F36: =IF(A36<53,"",IFERROR(B36/$F$2,"")) | G36: =IF(F36="","",IF(F36>1,"NO",""))
D37: =IF(A37<53,"",IFERROR(((HOUR(B37)*60+MINUTE(B37))/60)*$D$2,"")) | E37: =IFERROR(C37/D37,"") | F37: =IF(A37<53,"",IFERROR(B37/$F$2,"")) | G37: =IF(F37="","",IF(F37>1,"NO",""))
D38: =IF(A38<53,"",IFERROR(((HOUR(B38)*60+MINUTE(B38))/60)*$D$2,"")) | E38: =IFERROR(C38/D38,"") | F38: =IF(A38<53,"",IFERROR(B38/$F$2,"")) | G38: =IF(F38="","",IF(F38>1,"NO",""))
D39: =IF(A39<53,"",IFERROR(((HOUR(B39)*60+MINUTE(B39))/60)*$D$2,"")) | E39: =IFERROR(C39/D39,"") | F39: =IF(A39<53,"",IFERROR(B39/$F$2,"")) | G39: =IF(F39="","",IF(F39>1,"NO",""))
D40: =IF(A40<53,"",IFERROR(((HOUR(B40)*60+MINUTE(B40))/60)*$D$2,"")) | E40: =IFERROR(C40/D40,"") | F40: =IF(A40<53,"",IFERROR(B40/$F$2,"")) | G40: =IF(F40="","",IF(F40>1,"NO",""))
... D56: =IF(A56<53,"",IFERROR(((HOUR(B56)*60+MINUTE(B56))/60)*$D$2,"")) | E56: =IFERROR(C56/D56,"") | F56: =IF(A56<53,"",IFERROR(B56/$F$2,"")) | G56: =IF(F56="","",IF(F56>1,"NO",""))

Sheet DASHBOARD
A1: OEE | B1: (Todas)
A3: Etiquetas de fila | B3: Promedio de OEE
A4: 6 | B4: 0.328
A5: 7 | B5: 0.38013333
A6: 8 | B6: 0.17831481
A7: 9 | B7: 0.26048148
A8: 10 | B8: 0.22514815
A9: 11 | B9: 0.2432963
A10: 12 | B10: 0.56007407
A11: 13 | B11: 0.36076296
A12: 17 | B12: 0.30397222
A13: 18 | B13: 0.30457548
A14: 19 | B14: 0.35932593
A15: 20 | B15: 0.51983704
... A25: 30 | B25: 0.55714815
B26: #DIV/0!
A27: Total general | B27: 0.36944771

Sheet Pareto de paradas
A3: Row Labels | B3: Tiempo de no producción | C3: % del total
A4: P | B4: 3.2916667 | C4: 0.64705882
A5: LC | B5: 2.25 | C5: 0.29411765
A6: CF | B6: 0.10416667 | C6: 0.058823529
A7: Grand Total | B7: 5.6458333 | C7: 1
A29: Row Labels | B29: Tiempo de no producción | C29: % del total
A30: P | B30: =B34*C30 -> 2.3289063 | C30: 0.4125 | L30: =0.272/(0.66*0.9989) -> 0.41257504
A31: LC | B31: =B34*C31 -> 2.3455116 | C31: =0.294117647058824*(1+C30) -> 0.41544118
A32: CF | B32: =B34*C32 -> 0.46910233 | C32: =0.0588235294117647*(1+C30) -> 0.083088235 | L32: =0.413*0.662*0.9989 -> 0.27310525
A33: Others | B33: =B34-SUM(B30:B32) -> 0.50231311 | C33: =B33/B34 -> 0.088970588
A34: Grand Total | B34: 5.6458333 | C34: =SUM(C30:C33) -> 1

Sheet Sheet1

Sheet paradas-disp
B1: 0.58333333 | J1: 1800
A2: Día | B2: Hora inicio | C2: Hora fin | D2: Turno | E2: P/LC/CF/CL | F2: Tiempo producción | G2: Tiempo no producción | H2: Semana | I2: Cantidad producida | J2: Cantidad teórica | K2: Rendimiento | L2: Observaciones | M2: tiempo no prod | N2: Comprobar
A3: 45692 | B3: 0.79166667 | C3: 0.88194444 | D3: =+IF(Tabla1[[#This Row],[Hora inicio]]<$B$1,"Mañana","Tarde") -> Tarde | E3: P | F3: =IF(Tabla1[[#This Row],[P/LC/CF/CL]]="P",Tabla1[[#This Row],[Hora fin ]]-Tabla1[[#This Row],[Hora inicio]],"") -> 0.090277778 | G3: =Tabla1[[#This Row],[Hora fin ]]-Tabla1[[#This Row],[Hora inicio]] -> 0.090277778 | H3: =WEEKNUM(Tabla1[[#This Row],[Día]]) -> 6 | I3: 2754 | J3: =IFERROR(((HOUR(Tabla1[[#This Row],[Tiempo producción]])*60+MINUTE(Tabla1[[#This Row],[Tiempo producción]]))/60)*$J$1,"") -> 3900 | K3: =IFERROR(Tabla1[[#This Row],[Cantidad producida]]/Tabla1[[#This Row],[Cantidad teórica]],"") -> 0.70615385 | M3: =IF(Tabla1[[#This Row],[P/LC/CF/CL]]<>"P",Tabla1[[#This Row],[Hora fin ]]-Tabla1[[#This Row],[Hora inicio]],"") | N3: =IF(Tabla1[[#This Row],[Cantidad producida]]>Tabla1[[#This Row],[Cantidad teórica]],"SI","") | P3: =AVERAGEIF(Tabla1[Rendimiento],"<>0",Tabla1[Rendimiento]) -> 0.66224173
A4: 45693 | B4: 0.32986111 | C4: 0.55555556 | D4: =+IF(Tabla1[[#This Row],[Hora inicio]]<$B$1,"Mañana","Tarde") -> Mañana | E4: P | F4: =IF(Tabla1[[#This Row],[P/LC/CF/CL]]="P",Tabla1[[#This Row],[Hora fin ]]-Tabla1[[#This Row],[Hora inicio]],"") -> 0.22569444 | G4: =Tabla1[[#This Row],[Hora fin ]]-Tabla1[[#This Row],[Hora inicio]] -> 0.22569444 | H4: =WEEKNUM(Tabla1[[#This Row],[Día]]) -> 6 | I4: 4446 | J4: =IFERROR(((HOUR(Tabla1[[#This Row],[Tiempo producción]])*60+MINUTE(Tabla1[[#This Row],[Tiempo producción]]))/60)*$J$1,"") -> 9750 | K4: =IFERROR(Tabla1[[#This Row],[Cantidad producida]]/Tabla1[[#This Row],[Cantidad teórica]],"") -> 0.456 | M4: =IF(Tabla1[[#This Row],[P/LC/CF/CL]]<>"P",Tabla1[[#This Row],[Hora fin ]]-Tabla1[[#This Row],[Hora inicio]],"") | N4: =IF(Tabla1[[#This Row],[Cantidad producida]]>Tabla1[[#This Row],[Cantidad teórica]],"SI","")
A5: 45693 | B5: 0.60416667 | C5: 0.85416667 | D5: =+IF(Tabla1[[#This Row],[Hora inicio]]<$B$1,"Mañana","Tarde") -> Tarde | E5: P | F5: =IF(Tabla1[[#This Row],[P/LC/CF/CL]]="P",Tabla1[[#This Row],[Hora fin ]]-Tabla1[[#This Row],[Hora inicio]],"") -> 0.25 | G5: =Tabla1[[#This Row],[Hora fin ]]-Tabla1[[#This Row],[Hora inicio]] -> 0.25 | H5: =WEEKNUM(Tabla1[[#This Row],[Día]]) -> 6 | I5: 8694 | J5: =IFERROR(((HOUR(Tabla1[[#This Row],[Tiempo producción]])*60+MINUTE(Tabla1[[#This Row],[Tiempo producción]]))/60)*$J$1,"") -> 10800 | K5: =IFERROR(Tabla1[[#This Row],[Cantidad producida]]/Tabla1[[#This Row],[Cantidad teórica]],"") -> 0.805 | M5: =IF(Tabla1[[#This Row],[P/LC/CF/CL]]<>"P",Tabla1[[#This Row],[Hora fin ]]-Tabla1[[#This Row],[Hora inicio]],"") | N5: =IF(Tabla1[[#This Row],[Cantidad producida]]>Tabla1[[#This Row],[Cantidad teórica]],"SI","")
A6: 45694 | B6: 0.48958333 | C6: 0.55208333 | D6: =+IF(Tabla1[[#This Row],[Hora inicio]]<$B$1,"Mañana","Tarde") -> Mañana | E6: P | F6: =IF(Tabla1[[#This Row],[P/LC/CF/CL]]="P",Tabla1[[#This Row],[Hora fin ]]-Tabla1[[#This Row],[Hora inicio]],"") -> 0.0625 | G6: =Tabla1[[#This Row],[Hora fin ]]-Tabla1[[#This Row],[Hora inicio]] -> 0.0625 | H6: =WEEKNUM(Tabla1[[#This Row],[Día]]) -> 6 | I6: 1380 | J6: =IFERROR(((HOUR(Tabla1[[#This Row],[Tiempo producción]])*60+MINUTE(Tabla1[[#This Row],[Tiempo producción]]))/60)*$J$1,"") -> 2700 | K6: =IFERROR(Tabla1[[#This Row],[Cantidad producida]]/Tabla1[[#This Row],[Cantidad teórica]],"") -> 0.51111111 | M6: =IF(Tabla1[[#This Row],[P/LC/CF/CL]]<>"P",Tabla1[[#This Row],[Hora fin ]]-Tabla1[[#This Row],[Hora inicio]],"") | N6: =IF(Tabla1[[#This Row],[Cantidad producida]]>Tabla1[[#This Row],[Cantidad teórica]],"SI","")
A7: 45694 | B7: 0.59375 | C7: 0.875 | D7: =+IF(Tabla1[[#This Row],[Hora inicio]]<$B$1,"Mañana","Tarde") -> Tarde | E7: P | F7: =IF(Tabla1[[#This Row],[P/LC/CF/CL]]="P",Tabla1[[#This Row],[Hora fin ]]-Tabla1[[#This Row],[Hora inicio]],"") -> 0.28125 | G7: =Tabla1[[#This Row],[Hora fin ]]-Tabla1[[#This Row],[Hora inicio]] -> 0.28125 | H7: =WEEKNUM(Tabla1[[#This Row],[Día]]) -> 6 | I7: 9558 | J7: =IFERROR(((HOUR(Tabla1[[#This Row],[Tiempo producción]])*60+MINUTE(Tabla1[[#This Row],[Tiempo producción]]))/60)*$J$1,"") -> 12150 | K7: =IFERROR(Tabla1[[#This Row],[Cantidad producida]]/Tabla1[[#This Row],[Cantidad teórica]],"") -> 0.78666667 | M7: =IF(Tabla1[[#This Row],[P/LC/CF/CL]]<>"P",Tabla1[[#This Row],[Hora fin ]]-Tabla1[[#This Row],[Hora inicio]],"") | N7: =IF(Tabla1[[#This Row],[Cantidad producida]]>Tabla1[[#This Row],[Cantidad teórica]],"SI","")
A8: 45695 | B8: 0.25 | C8: 0.5 | D8: =+IF(Tabla1[[#This Row],[Hora inicio]]<$B$1,"Mañana","Tarde") -> Mañana | E8: P | F8: =IF(Tabla1[[#This Row],[P/LC/CF/CL]]="P",Tabla1[[#This Row],[Hora fin ]]-Tabla1[[#This Row],[Hora inicio]],"") -> 0.25 | G8: =Tabla1[[#This Row],[Hora fin ]]-Tabla1[[#This Row],[Hora inicio]] -> 0.25 | H8: =WEEKNUM(Tabla1[[#This Row],[Día]]) -> 6 | I8: 6144 | J8: =IFERROR(((HOUR(Tabla1[[#This Row],[Tiempo producción]])*60+MINUTE(Tabla1[[#This Row],[Tiempo producción]]))/60)*$J$1,"") -> 10800 | K8: =IFERROR(Tabla1[[#This Row],[Cantidad producida]]/Tabla1[[#This Row],[Cantidad teórica]],"") -> 0.56888889 | M8: =IF(Tabla1[[#This Row],[P/LC/CF/CL]]<>"P",Tabla1[[#This Row],[Hora fin ]]-Tabla1[[#This Row],[Hora inicio]],"") | N8: =IF(Tabla1[[#This Row],[Cantidad producida]]>Tabla1[[#This Row],[Cantidad teórica]],"SI","")
A9: 45695 | B9: 0.6875 | C9: 0.78472222 | D9: =+IF(Tabla1[[#This Row],[Hora inicio]]<$B$1,"Mañana","Tarde") -> Tarde | E9: P | F9: =IF(Tabla1[[#This Row],[P/LC/CF/CL]]="P",Tabla1[[#This Row],[Hora fin ]]-Tabla1[[#This Row],[Hora inicio]],"") -> 0.097222222 | G9: =Tabla1[[#This Row],[Hora fin ]]-Tabla1[[#This Row],[Hora inicio]] -> 0.097222222 | H9: =WEEKNUM(Tabla1[[#This Row],[Día]]) -> 6 | I9: 2448 | J9: =IFERROR(((HOUR(Tabla1[[#This Row],[Tiempo producción]])*60+MINUTE(Tabla1[[#This Row],[Tiempo producción]]))/60)*$J$1,"") -> 4200 | K9: =IFERROR(Tabla1[[#This Row],[Cantidad producida]]/Tabla1[[#This Row],[Cantidad teórica]],"") -> 0.58285714 | M9: =IF(Tabla1[[#This Row],[P/LC/CF/CL]]<>"P",Tabla1[[#This Row],[Hora fin ]]-Tabla1[[#This Row],[Hora inicio]],"") | N9: =IF(Tabla1[[#This Row],[Cantidad producida]]>Tabla1[[#This Row],[Cantidad teórica]],"SI","")
A10: 45698 | B10: 0.86111111 | C10: 0.91666667 | D10: =+IF(Tabla1[[#This Row],[Hora inicio]]<$B$1,"Mañana","Tarde") -> Tarde | E10: P | F10: =IF(Tabla1[[#This Row],[P/LC/CF/CL]]="P",Tabla1[[#This Row],[Hora fin ]]-Tabla1[[#This Row],[Hora inicio]],"") -> 0.055555556 | G10: =Tabla1[[#This Row],[Hora fin ]]-Tabla1[[#This Row],[Hora inicio]] -> 0.055555556 | H10: =WEEKNUM(Tabla1[[#This Row],[Día]]) -> 7 | I10: 384 | J10: =IFERROR(((HOUR(Tabla1[[#This Row],[Tiempo producción]])*60+MINUTE(Tabla1[[#This Row],[Tiempo producción]]))/60)*$J$1,"") -> 2400 | K10: =IFERROR(Tabla1[[#This Row],[Cantidad producida]]/Tabla1[[#This Row],[Cantidad teórica]],"") -> 0.16 | M10: =IF(Tabla1[[#This Row],[P/LC/CF/CL]]<>"P",Tabla1[[#This Row],[Hora fin ]]-Tabla1[[#This Row],[Hora inicio]],"") | N10: =IF(Tabla1[[#This Row],[Cantidad producida]]>Tabla1[[#This Row],[Cantidad teórica]],"SI","")
A11: 45699 | B11: 0.30208333 | C11: 0.58333333 | D11: =+IF(Tabla1[[#This Row],[Hora inicio]]<$B$1,"Mañana","Tarde") -> Mañana | E11: P | F11: =IF(Tabla1[[#This Row],[P/LC/CF/CL]]="P",Tabla1[[#This Row],[Hora fin ]]-Tabla1[[#This Row],[Hora inicio]],"") -> 0.28125 | G11: =Tabla1[[#This Row],[Hora fin ]]-Tabla1[[#This Row],[Hora inicio]] -> 0.28125 | H11: =WEEKNUM(Tabla1[[#This Row],[Día]]) -> 7 | I11: 5820 | J11: =IFERROR(((HOUR(Tabla1[[#This Row],[Tiempo producción]])*60+MINUTE(Tabla1[[#This Row],[Tiempo producción]]))/60)*$J$1,"") -> 12150 | K11: =IFERROR(Tabla1[[#This Row],[Cantidad producida]]/Tabla1[[#This Row],[Cantidad teórica]],"") -> 0.47901235 | M11: =IF(Tabla1[[#This Row],[P/LC/CF/CL]]<>"P",Tabla1[[#This Row],[Hora fin ]]-Tabla1[[#This Row],[Hora inicio]],"") | N11: =IF(Tabla1[[#This Row],[Cantidad producida]]>Tabla1[[#This Row],[Cantidad teórica]],"SI","")
A12: 45700 | B12: 0.25694444 | C12: 0.57986111 | D12: =+IF(Tabla1[[#This Row],[Hora inicio]]<$B$1,"Mañana","Tarde") -> Mañana | E12: P | F12: =IF(Tabla1[[#This Row],[P/LC/CF/CL]]="P",Tabla1[[#This Row],[Hora fin ]]-Tabla1[[#This Row],[Hora inicio]],"") -> 0.32291667 | G12: =Tabla1[[#This Row],[Hora fin ]]-Tabla1[[#This Row],[Hora inicio]] -> 0.32291667 | H12: =WEEKNUM(Tabla1[[#This Row],[Día]]) -> 7 | I12: 6840 | J12: =IFERROR(((HOUR(Tabla1[[#This Row],[Tiempo producción]])*60+MINUTE(Tabla1[[#This Row],[Tiempo producción]]))/60)*$J$1,"") -> 13950 | K12: =IFERROR(Tabla1[[#This Row],[Cantidad producida]]/Tabla1[[#This Row],[Cantidad teórica]],"") -> 0.49032258 | M12: =IF(Tabla1[[#This Row],[P/LC/CF/CL]]<>"P",Tabla1[[#This Row],[Hora fin ]]-Tabla1[[#This Row],[Hora inicio]],"") | N12: =IF(Tabla1[[#This Row],[Cantidad producida]]>Tabla1[[#This Row],[Cantidad teórica]],"SI","")
A13: 45700 | B13: 0.60069444 | C13: 0.67708333 | D13: =+IF(Tabla1[[#This Row],[Hora inicio]]<$B$1,"Mañana","Tarde") -> Tarde | E13: P | F13: =IF(Tabla1[[#This Row],[P/LC/CF/CL]]="P",Tabla1[[#This Row],[Hora fin ]]-Tabla1[[#This Row],[Hora inicio]],"") -> 0.076388889 | G13: =Tabla1[[#This Row],[Hora fin ]]-Tabla1[[#This Row],[Hora inicio]] -> 0.076388889 | H13: =WEEKNUM(Tabla1[[#This Row],[Día]]) -> 7 | I13: 2052 | J13: =IFERROR(((HOUR(Tabla1[[#This Row],[Tiempo producción]])*60+MINUTE(Tabla1[[#This Row],[Tiempo producción]]))/60)*$J$1,"") -> 3300 | K13: =IFERROR(Tabla1[[#This Row],[Cantidad producida]]/Tabla1[[#This Row],[Cantidad teórica]],"") -> 0.62181818 | M13: =IF(Tabla1[[#This Row],[P/LC/CF/CL]]<>"P",Tabla1[[#This Row],[Hora fin ]]-Tabla1[[#This Row],[Hora inicio]],"") | N13: =IF(Tabla1[[#This Row],[Cantidad producida]]>Tabla1[[#This Row],[Cantidad teórica]],"SI","")
A14: 45700 | B14: 0.69791667 | C14: 0.91666667 | D14: =+IF(Tabla1[[#This Row],[Hora inicio]]<$B$1,"Mañana","Tarde") -> Tarde | E14: P | F14: =IF(Tabla1[[#This Row],[P/LC/CF/CL]]="P",Tabla1[[#This Row],[Hora fin ]]-Tabla1[[#This Row],[Hora inicio]],"") -> 0.21875 | G14: =Tabla1[[#This Row],[Hora fin ]]-Tabla1[[#This Row],[Hora inicio]] -> 0.21875 | H14: =WEEKNUM(Tabla1[[#This Row],[Día]]) -> 7 | I14: 5820 | J14: =IFERROR(((HOUR(Tabla1[[#This Row],[Tiempo producción]])*60+MINUTE(Tabla1[[#This Row],[Tiempo producción]]))/60)*$J$1,"") -> 9450 | K14: =IFERROR(Tabla1[[#This Row],[Cantidad producida]]/Tabla1[[#This Row],[Cantidad teórica]],"") -> 0.61587302 | M14: =IF(Tabla1[[#This Row],[P/LC/CF/CL]]<>"P",Tabla1[[#This Row],[Hora fin ]]-Tabla1[[#This Row],[Hora inicio]],"") | N14: =IF(Tabla1[[#This Row],[Cantidad producida]]>Tabla1[[#This Row],[Cantidad teórica]],"SI","")
A15: 45701 | B15: 0.26041667 | C15: 0.55208333 | D15: =+IF(Tabla1[[#This Row],[Hora inicio]]<$B$1,"Mañana","Tarde") -> Mañana | E15: P | F15: =IF(Tabla1[[#This Row],[P/LC/CF/CL]]="P",Tabla1[[#This Row],[Hora fin ]]-Tabla1[[#This Row],[Hora inicio]],"") -> 0.29166667 | G15: =Tabla1[[#This Row],[Hora fin ]]-Tabla1[[#This Row],[Hora inicio]] -> 0.29166667 | H15: =WEEKNUM(Tabla1[[#This Row],[Día]]) -> 7 | I15: 9756 | J15: =IFERROR(((HOUR(Tabla1[[#This Row],[Tiempo producción]])*60+MINUTE(Tabla1[[#This Row],[Tiempo producción]]))/60)*$J$1,"") -> 12600 | K15: =IFERROR(Tabla1[[#This Row],[Cantidad producida]]/Tabla1[[#This Row],[Cantidad teórica]],"") -> 0.77428571 | M15: =IF(Tabla1[[#This Row],[P/LC/CF/CL]]<>"P",Tabla1[[#This Row],[Hora fin ]]-Tabla1[[#This Row],[Hora inicio]],"") | N15: =IF(Tabla1[[#This Row],[Cantidad producida]]>Tabla1[[#This Row],[Cantidad teórica]],"SI","")
... A52: 45729 | B52: 0.59027778 | C52: 0.89583333 | D52: =+IF(Tabla1[[#This Row],[Hora inicio]]<$B$1,"Mañana","Tarde") -> Tarde | E52: P | F52: =IF(Tabla1[[#This Row],[P/LC/CF/CL]]="P",Tabla1[[#This Row],[Hora fin ]]-Tabla1[[#This Row],[Hora inicio]],"") -> 0.30555556 | G52: =Tabla1[[#This Row],[Hora fin ]]-Tabla1[[#This Row],[Hora inicio]] -> 0.30555556 | H52: =WEEKNUM(Tabla1[[#This Row],[Día]]) -> 11 | I52: 10182 | J52: =IFERROR(((HOUR(Tabla1[[#This Row],[Tiempo producción]])*60+MINUTE(Tabla1[[#This Row],[Tiempo producción]]))/60)*$J$1,"") -> 13200 | K52: =IFERROR(Tabla1[[#This Row],[Cantidad producida]]/Tabla1[[#This Row],[Cantidad teórica]],"") -> 0.77136364 | M52: =IF(Tabla1[[#This Row],[P/LC/CF/CL]]<>"P",Tabla1[[#This Row],[Hora fin ]]-Tabla1[[#This Row],[Hora inicio]],"") | N52: =IF(Tabla1[[#This Row],[Cantidad producida]]>Tabla1[[#This Row],[Cantidad teórica]],"SI","")
A53: 45733 | B53: 0.28125 | C53: 0.57291667 | D53: =+IF(Tabla1[[#This Row],[Hora inicio]]<$B$1,"Mañana","Tarde") -> Mañana | E53: P | F53: =IF(Tabla1[[#This Row],[P/LC/CF/CL]]="P",Tabla1[[#This Row],[Hora fin ]]-Tabla1[[#This Row],[Hora inicio]],"") -> 0.29166667 | G53: =Tabla1[[#This Row],[Hora fin ]]-Tabla1[[#This Row],[Hora inicio]] -> 0.29166667 | H53: =WEEKNUM(Tabla1[[#This Row],[Día]]) -> 12 | J53: =IFERROR(((HOUR(Tabla1[[#This Row],[Tiempo producción]])*60+MINUTE(Tabla1[[#This Row],[Tiempo producción]]))/60)*$J$1,"") -> 12600 | K53: =IFERROR(Tabla1[[#This Row],[Cantidad producida]]/Tabla1[[#This Row],[Cantidad teórica]],"") -> 0 | M53: =IF(Tabla1[[#This Row],[P/LC/CF/CL]]<>"P",Tabla1[[#This Row],[Hora fin ]]-Tabla1[[#This Row],[Hora inicio]],"") | N53: =IF(Tabla1[[#This Row],[Cantidad producida]]>Tabla1[[#This Row],[Cantidad teórica]],"SI","")
A54: 45733 | B54: 0.59375 | C54: 0.72222222 | D54: =+IF(Tabla1[[#This Row],[Hora inicio]]<$B$1,"Mañana","Tarde") -> Tarde | E54: P | F54: =IF(Tabla1[[#This Row],[P/LC/CF/CL]]="P",Tabla1[[#This Row],[Hora fin ]]-Tabla1[[#This Row],[Hora inicio]],"") -> 0.12847222 | G54: =Tabla1[[#This Row],[Hora fin ]]-Tabla1[[#This Row],[Hora inicio]] -> 0.12847222 | H54: =WEEKNUM(Tabla1[[#This Row],[Día]]) -> 12 | J54: =IFERROR(((HOUR(Tabla1[[#This Row],[Tiempo producción]])*60+MINUTE(Tabla1[[#This Row],[Tiempo producción]]))/60)*$J$1,"") -> 5550 | K54: =IFERROR(Tabla1[[#This Row],[Cantidad producida]]/Tabla1[[#This Row],[Cantidad teórica]],"") -> 0 | M54: =IF(Tabla1[[#This Row],[P/LC/CF/CL]]<>"P",Tabla1[[#This Row],[Hora fin ]]-Tabla1[[#This Row],[Hora inicio]],"") | N54: =IF(Tabla1[[#This Row],[Cantidad producida]]>Tabla1[[#This Row],[Cantidad teórica]],"SI","")
A55: 45733 | B55: 0.72222222 | C55: 0.72916667 | D55: =+IF(Tabla1[[#This Row],[Hora inicio]]<$B$1,"Mañana","Tarde") -> Tarde | E55: CL | F55: =IF(Tabla1[[#This Row],[P/LC/CF/CL]]="P",Tabla1[[#This Row],[Hora fin ]]-Tabla1[[#This Row],[Hora inicio]],"") | G55: =Tabla1[[#This Row],[Hora fin ]]-Tabla1[[#This Row],[Hora inicio]] -> 0.0069444444 | H55: =WEEKNUM(Tabla1[[#This Row],[Día]]) -> 12 | J55: =IFERROR(((HOUR(Tabla1[[#This Row],[Tiempo producción]])*60+MINUTE(Tabla1[[#This Row],[Tiempo producción]]))/60)*$J$1,"") | K55: =IFERROR(Tabla1[[#This Row],[Cantidad producida]]/Tabla1[[#This Row],[Cantidad teórica]],"") | M55: =IF(Tabla1[[#This Row],[P/LC/CF/CL]]<>"P",Tabla1[[#This Row],[Hora fin ]]-Tabla1[[#This Row],[Hora inicio]],"") -> 0.0069444444 | N55: =IF(Tabla1[[#This Row],[Cantidad producida]]>Tabla1[[#This Row],[Cantidad teórica]],"SI","")
A56: 45733 | B56: 0.72916667 | C56: 0.91666667 | D56: =+IF(Tabla1[[#This Row],[Hora inicio]]<$B$1,"Mañana","Tarde") -> Tarde | E56: P | F56: =IF(Tabla1[[#This Row],[P/LC/CF/CL]]="P",Tabla1[[#This Row],[Hora fin ]]-Tabla1[[#This Row],[Hora inicio]],"") -> 0.1875 | G56: =Tabla1[[#This Row],[Hora fin ]]-Tabla1[[#This Row],[Hora inicio]] -> 0.1875 | H56: =WEEKNUM(Tabla1[[#This Row],[Día]]) -> 12 | J56: =IFERROR(((HOUR(Tabla1[[#This Row],[Tiempo producción]])*60+MINUTE(Tabla1[[#This Row],[Tiempo producción]]))/60)*$J$1,"") -> 8100 | K56: =IFERROR(Tabla1[[#This Row],[Cantidad producida]]/Tabla1[[#This Row],[Cantidad teórica]],"") -> 0 | M56: =IF(Tabla1[[#This Row],[P/LC/CF/CL]]<>"P",Tabla1[[#This Row],[Hora fin ]]-Tabla1[[#This Row],[Hora inicio]],"") | N56: =IF(Tabla1[[#This Row],[Cantidad producida]]>Tabla1[[#This Row],[Cantidad teórica]],"SI","")
A57: 45734 | B57: 0.26041667 | C57: 0.39583333 | D57: =+IF(Tabla1[[#This Row],[Hora inicio]]<$B$1,"Mañana","Tarde") -> Mañana | E57: P | F57: =IF(Tabla1[[#This Row],[P/LC/CF/CL]]="P",Tabla1[[#This Row],[Hora fin ]]-Tabla1[[#This Row],[Hora inicio]],"") -> 0.13541667 | G57: =Tabla1[[#This Row],[Hora fin ]]-Tabla1[[#This Row],[Hora inicio]] -> 0.13541667 | H57: =WEEKNUM(Tabla1[[#This Row],[Día]]) -> 12 | J57: =IFERROR(((HOUR(Tabla1[[#This Row],[Tiempo producción]])*60+MINUTE(Tabla1[[#This Row],[Tiempo producción]]))/60)*$J$1,"") -> 5850 | K57: =IFERROR(Tabla1[[#This Row],[Cantidad producida]]/Tabla1[[#This Row],[Cantidad teórica]],"") -> 0 | M57: =IF(Tabla1[[#This Row],[P/LC/CF/CL]]<>"P",Tabla1[[#This Row],[Hora fin ]]-Tabla1[[#This Row],[Hora inicio]],"") | N57: =IF(Tabla1[[#This Row],[Cantidad producida]]>Tabla1[[#This Row],[Cantidad teórica]],"SI","")
A58: 45734 | B58: 0.39583333 | C58: 0.41666667 | D58: =+IF(Tabla1[[#This Row],[Hora inicio]]<$B$1,"Mañana","Tarde") -> Mañana | E58: CL | F58: =IF(Tabla1[[#This Row],[P/LC/CF/CL]]="P",Tabla1[[#This Row],[Hora fin ]]-Tabla1[[#This Row],[Hora inicio]],"") | G58: =Tabla1[[#This Row],[Hora fin ]]-Tabla1[[#This Row],[Hora inicio]] -> 0.020833333 | H58: =WEEKNUM(Tabla1[[#This Row],[Día]]) -> 12 | J58: =IFERROR(((HOUR(Tabla1[[#This Row],[Tiempo producción]])*60+MINUTE(Tabla1[[#This Row],[Tiempo producción]]))/60)*$J$1,"") | K58: =IFERROR(Tabla1[[#This Row],[Cantidad producida]]/Tabla1[[#This Row],[Cantidad teórica]],"") | M58: =IF(Tabla1[[#This Row],[P/LC/CF/CL]]<>"P",Tabla1[[#This Row],[Hora fin ]]-Tabla1[[#This Row],[Hora inicio]],"") -> 0.020833333 | N58: =IF(Tabla1[[#This Row],[Cantidad producida]]>Tabla1[[#This Row],[Cantidad teórica]],"SI","")
A59: 45734 | B59: 0.41666667 | C59: 0.58333333 | D59: =+IF(Tabla1[[#This Row],[Hora inicio]]<$B$1,"Mañana","Tarde") -> Mañana | E59: P | F59: =IF(Tabla1[[#This Row],[P/LC/CF/CL]]="P",Tabla1[[#This Row],[Hora fin ]]-Tabla1[[#This Row],[Hora inicio]],"") -> 0.16666667 | G59: =Tabla1[[#This Row],[Hora fin ]]-Tabla1[[#This Row],[Hora inicio]] -> 0.16666667 | H59: =WEEKNUM(Tabla1[[#This Row],[Día]]) -> 12 | J59: =IFERROR(((HOUR(Tabla1[[#This Row],[Tiempo producción]])*60+MINUTE(Tabla1[[#This Row],[Tiempo producción]]))/60)*$J$1,"") -> 7200 | K59: =IFERROR(Tabla1[[#This Row],[Cantidad producida]]/Tabla1[[#This Row],[Cantidad teórica]],"") -> 0 | M59: =IF(Tabla1[[#This Row],[P/LC/CF/CL]]<>"P",Tabla1[[#This Row],[Hora fin ]]-Tabla1[[#This Row],[Hora inicio]],"") | N59: =IF(Tabla1[[#This Row],[Cantidad producida]]>Tabla1[[#This Row],[Cantidad teórica]],"SI","")
A60: 45734 | B60: 0.59375 | C60: 0.70138889 | D60: =+IF(Tabla1[[#This Row],[Hora inicio]]<$B$1,"Mañana","Tarde") -> Tarde | E60: P | F60: =IF(Tabla1[[#This Row],[P/LC/CF/CL]]="P",Tabla1[[#This Row],[Hora fin ]]-Tabla1[[#This Row],[Hora inicio]],"") -> 0.10763889 | G60: =Tabla1[[#This Row],[Hora fin ]]-Tabla1[[#This Row],[Hora inicio]] -> 0.10763889 | H60: =WEEKNUM(Tabla1[[#This Row],[Día]]) -> 12 | J60: =IFERROR(((HOUR(Tabla1[[#This Row],[Tiempo producción]])*60+MINUTE(Tabla1[[#This Row],[Tiempo producción]]))/60)*$J$1,"") -> 4650 | K60: =IFERROR(Tabla1[[#This Row],[Cantidad producida]]/Tabla1[[#This Row],[Cantidad teórica]],"") -> 0 | M60: =IF(Tabla1[[#This Row],[P/LC/CF/CL]]<>"P",Tabla1[[#This Row],[Hora fin ]]-Tabla1[[#This Row],[Hora inicio]],"") | N60: =IF(Tabla1[[#This Row],[Cantidad producida]]>Tabla1[[#This Row],[Cantidad teórica]],"SI","")
A61: 45734 | B61: 0.70138889 | C61: 0.74305556 | D61: =+IF(Tabla1[[#This Row],[Hora inicio]]<$B$1,"Mañana","Tarde") -> Tarde | E61: CL | F61: =IF(Tabla1[[#This Row],[P/LC/CF/CL]]="P",Tabla1[[#This Row],[Hora fin ]]-Tabla1[[#This Row],[Hora inicio]],"") | G61: =Tabla1[[#This Row],[Hora fin ]]-Tabla1[[#This Row],[Hora inicio]] -> 0.041666667 | H61: =WEEKNUM(Tabla1[[#This Row],[Día]]) -> 12 | J61: =IFERROR(((HOUR(Tabla1[[#This Row],[Tiempo producción]])*60+MINUTE(Tabla1[[#This Row],[Tiempo producción]]))/60)*$J$1,"") | K61: =IFERROR(Tabla1[[#This Row],[Cantidad producida]]/Tabla1[[#This Row],[Cantidad teórica]],"") | M61: =IF(Tabla1[[#This Row],[P/LC/CF/CL]]<>"P",Tabla1[[#This Row],[Hora fin ]]-Tabla1[[#This Row],[Hora inicio]],"") -> 0.041666667 | N61: =IF(Tabla1[[#This Row],[Cantidad producida]]>Tabla1[[#This Row],[Cantidad teórica]],"SI","")
A62: 45734 | B62: 0.74305556 | C62: 0.91666667 | D62: =+IF(Tabla1[[#This Row],[Hora inicio]]<$B$1,"Mañana","Tarde") -> Tarde | E62: P | F62: =IF(Tabla1[[#This Row],[P/LC/CF/CL]]="P",Tabla1[[#This Row],[Hora fin ]]-Tabla1[[#This Row],[Hora inicio]],"") -> 0.17361111 | G62: =Tabla1[[#This Row],[Hora fin ]]-Tabla1[[#This Row],[Hora inicio]] -> 0.17361111 | H62: =WEEKNUM(Tabla1[[#This Row],[Día]]) -> 12 | J62: =IFERROR(((HOUR(Tabla1[[#This Row],[Tiempo producción]])*60+MINUTE(Tabla1[[#This Row],[Tiempo producción]]))/60)*$J$1,"") -> 7500 | K62: =IFERROR(Tabla1[[#This Row],[Cantidad producida]]/Tabla1[[#This Row],[Cantidad teórica]],"") -> 0 | M62: =IF(Tabla1[[#This Row],[P/LC/CF/CL]]<>"P",Tabla1[[#This Row],[Hora fin ]]-Tabla1[[#This Row],[Hora inicio]],"") | N62: =IF(Tabla1[[#This Row],[Cantidad producida]]>Tabla1[[#This Row],[Cantidad teórica]],"SI","")
A63: 45735 | B63: 0.26388889 | C63: 0.5625 | D63: =+IF(Tabla1[[#This Row],[Hora inicio]]<$B$1,"Mañana","Tarde") -> Mañana | E63: P | F63: =IF(Tabla1[[#This Row],[P/LC/CF/CL]]="P",Tabla1[[#This Row],[Hora fin ]]-Tabla1[[#This Row],[Hora inicio]],"") -> 0.29861111 | G63: =Tabla1[[#This Row],[Hora fin ]]-Tabla1[[#This Row],[Hora inicio]] -> 0.29861111 | H63: =WEEKNUM(Tabla1[[#This Row],[Día]]) -> 12 | J63: =IFERROR(((HOUR(Tabla1[[#This Row],[Tiempo producción]])*60+MINUTE(Tabla1[[#This Row],[Tiempo producción]]))/60)*$J$1,"") -> 12900 | K63: =IFERROR(Tabla1[[#This Row],[Cantidad producida]]/Tabla1[[#This Row],[Cantidad teórica]],"") -> 0 | M63: =IF(Tabla1[[#This Row],[P/LC/CF/CL]]<>"P",Tabla1[[#This Row],[Hora fin ]]-Tabla1[[#This Row],[Hora inicio]],"") | N63: =IF(Tabla1[[#This Row],[Cantidad producida]]>Tabla1[[#This Row],[Cantidad teórica]],"SI","")
A64: 45735 | B64: 0.59375 | C64: 0.80208333 | D64: =+IF(Tabla1[[#This Row],[Hora inicio]]<$B$1,"Mañana","Tarde") -> Tarde | E64: P | F64: =IF(Tabla1[[#This Row],[P/LC/CF/CL]]="P",Tabla1[[#This Row],[Hora fin ]]-Tabla1[[#This Row],[Hora inicio]],"") -> 0.20833333 | G64: =Tabla1[[#This Row],[Hora fin ]]-Tabla1[[#This Row],[Hora inicio]] -> 0.20833333 | H64: =WEEKNUM(Tabla1[[#This Row],[Día]]) -> 12 | J64: =IFERROR(((HOUR(Tabla1[[#This Row],[Tiempo producción]])*60+MINUTE(Tabla1[[#This Row],[Tiempo producción]]))/60)*$J$1,"") -> 9000 | K64: =IFERROR(Tabla1[[#This Row],[Cantidad producida]]/Tabla1[[#This Row],[Cantidad teórica]],"") -> 0 | M64: =IF(Tabla1[[#This Row],[P/LC/CF/CL]]<>"P",Tabla1[[#This Row],[Hora fin ]]-Tabla1[[#This Row],[Hora inicio]],"") | N64: =IF(Tabla1[[#This Row],[Cantidad producida]]>Tabla1[[#This Row],[Cantidad teórica]],"SI","")
... A92: 45769 | B92: 0.25 | C92: 0.58333333 | D92: =+IF(Tabla1[[#This Row],[Hora inicio]]<$B$1,"Mañana","Tarde") -> Mañana | E92: LC | F92: =IF(Tabla1[[#This Row],[P/LC/CF/CL]]="P",Tabla1[[#This Row],[Hora fin ]]-Tabla1[[#This Row],[Hora inicio]],"") | G92: =Tabla1[[#This Row],[Hora fin ]]-Tabla1[[#This Row],[Hora inicio]] -> 0.33333333 | H92: =WEEKNUM(Tabla1[[#This Row],[Día]]) -> 17 | J92: =IFERROR(((HOUR(Tabla1[[#This Row],[Tiempo producción]])*60+MINUTE(Tabla1[[#This Row],[Tiempo producción]]))/60)*$J$1,"") | K92: =IFERROR(Tabla1[[#This Row],[Cantidad producida]]/Tabla1[[#This Row],[Cantidad teórica]],"") | M92: =IF(Tabla1[[#This Row],[P/LC/CF/CL]]<>"P",Tabla1[[#This Row],[Hora fin ]]-Tabla1[[#This Row],[Hora inicio]],"") -> 0.33333333 | N92: =IF(Tabla1[[#This Row],[Cantidad producida]]>Tabla1[[#This Row],[Cantidad teórica]],"SI","")
A93: 45769 | B93: 0.58333333 | C93: 0.91666667 | D93: =+IF(Tabla1[[#This Row],[Hora inicio]]<$B$1,"Mañana","Tarde") -> Tarde | E93: P | F93: =IF(Tabla1[[#This Row],[P/LC/CF/CL]]="P",Tabla1[[#This Row],[Hora fin ]]-Tabla1[[#This Row],[Hora inicio]],"") -> 0.33333333 | G93: =Tabla1[[#This Row],[Hora fin ]]-Tabla1[[#This Row],[Hora inicio]] -> 0.33333333 | H93: =WEEKNUM(Tabla1[[#This Row],[Día]]) -> 17 | I93: 1 | J93: =IFERROR(((HOUR(Tabla1[[#This Row],[Tiempo producción]])*60+MINUTE(Tabla1[[#This Row],[Tiempo producción]]))/60)*$J$1,"") -> 14400 | K93: =IFERROR(Tabla1[[#This Row],[Cantidad producida]]/Tabla1[[#This Row],[Cantidad teórica]],"") -> 6.9444444e-05 | M93: =IF(Tabla1[[#This Row],[P/LC/CF/CL]]<>"P",Tabla1[[#This Row],[Hora fin ]]-Tabla1[[#This Row],[Hora inicio]],"") | N93: =IF(Tabla1[[#This Row],[Cantidad producida]]>Tabla1[[#This Row],[Cantidad teórica]],"SI","")
A94: 45770 | B94: 0.25 | C94: 0.91666667 | D94: =+IF(Tabla1[[#This Row],[Hora inicio]]<$B$1,"Mañana","Tarde") -> Mañana | E94: P | F94: =IF(Tabla1[[#This Row],[P/LC/CF/CL]]="P",Tabla1[[#This Row],[Hora fin ]]-Tabla1[[#This Row],[Hora inicio]],"") -> 0.66666667 | G94: =Tabla1[[#This Row],[Hora fin ]]-Tabla1[[#This Row],[Hora inicio]] -> 0.66666667 | H94: =WEEKNUM(Tabla1[[#This Row],[Día]]) -> 17 | J94: =IFERROR(((HOUR(Tabla1[[#This Row],[Tiempo producción]])*60+MINUTE(Tabla1[[#This Row],[Tiempo producción]]))/60)*$J$1,"") -> 28800 | K94: =IFERROR(Tabla1[[#This Row],[Cantidad producida]]/Tabla1[[#This Row],[Cantidad teórica]],"") -> 0 | M94: =IF(Tabla1[[#This Row],[P/LC/CF/CL]]<>"P",Tabla1[[#This Row],[Hora fin ]]-Tabla1[[#This Row],[Hora inicio]],"") | N94: =IF(Tabla1[[#This Row],[Cantidad producida]]>Tabla1[[#This Row],[Cantidad teórica]],"SI","")
A95: 45771 | B95: 0.25 | C95: 0.91666667 | D95: =+IF(Tabla1[[#This Row],[Hora inicio]]<$B$1,"Mañana","Tarde") -> Mañana | E95: P | F95: =IF(Tabla1[[#This Row],[P/LC/CF/CL]]="P",Tabla1[[#This Row],[Hora fin ]]-Tabla1[[#This Row],[Hora inicio]],"") -> 0.66666667 | G95: =Tabla1[[#This Row],[Hora fin ]]-Tabla1[[#This Row],[Hora inicio]] -> 0.66666667 | H95: =WEEKNUM(Tabla1[[#This Row],[Día]]) -> 17 | J95: =IFERROR(((HOUR(Tabla1[[#This Row],[Tiempo producción]])*60+MINUTE(Tabla1[[#This Row],[Tiempo producción]]))/60)*$J$1,"") -> 28800 | K95: =IFERROR(Tabla1[[#This Row],[Cantidad producida]]/Tabla1[[#This Row],[Cantidad teórica]],"") -> 0 | M95: =IF(Tabla1[[#This Row],[P/LC/CF/CL]]<>"P",Tabla1[[#This Row],[Hora fin ]]-Tabla1[[#This Row],[Hora inicio]],"") | N95: =IF(Tabla1[[#This Row],[Cantidad producida]]>Tabla1[[#This Row],[Cantidad teórica]],"SI","")
A96: 45772 | B96: 0.25 | C96: 0.58333333 | D96: =+IF(Tabla1[[#This Row],[Hora inicio]]<$B$1,"Mañana","Tarde") -> Mañana | E96: P | F96: =IF(Tabla1[[#This Row],[P/LC/CF/CL]]="P",Tabla1[[#This Row],[Hora fin ]]-Tabla1[[#This Row],[Hora inicio]],"") -> 0.33333333 | G96: =Tabla1[[#This Row],[Hora fin ]]-Tabla1[[#This Row],[Hora inicio]] -> 0.33333333 | H96: =WEEKNUM(Tabla1[[#This Row],[Día]]) -> 17 | J96: =IFERROR(((HOUR(Tabla1[[#This Row],[Tiempo producción]])*60+MINUTE(Tabla1[[#This Row],[Tiempo producción]]))/60)*$J$1,"") -> 14400 | K96: =IFERROR(Tabla1[[#This Row],[Cantidad producida]]/Tabla1[[#This Row],[Cantidad teórica]],"") -> 0 | M96: =IF(Tabla1[[#This Row],[P/LC/CF/CL]]<>"P",Tabla1[[#This Row],[Hora fin ]]-Tabla1[[#This Row],[Hora inicio]],"") | N96: =IF(Tabla1[[#This Row],[Cantidad producida]]>Tabla1[[#This Row],[Cantidad teórica]],"SI","")
A97: 45772 | B97: 0.71875 | C97: 0.82291667 | D97: =+IF(Tabla1[[#This Row],[Hora inicio]]<$B$1,"Mañana","Tarde") -> Tarde | E97: CF | F97: =IF(Tabla1[[#This Row],[P/LC/CF/CL]]="P",Tabla1[[#This Row],[Hora fin ]]-Tabla1[[#This Row],[Hora inicio]],"") | G97: =Tabla1[[#This Row],[Hora fin ]]-Tabla1[[#This Row],[Hora inicio]] -> 0.10416667 | H97: =WEEKNUM(Tabla1[[#This Row],[Día]]) -> 17 | J97: =IFERROR(((HOUR(Tabla1[[#This Row],[Tiempo producción]])*60+MINUTE(Tabla1[[#This Row],[Tiempo producción]]))/60)*$J$1,"") | K97: =IFERROR(Tabla1[[#This Row],[Cantidad producida]]/Tabla1[[#This Row],[Cantidad teórica]],"") | M97: =IF(Tabla1[[#This Row],[P/LC/CF/CL]]<>"P",Tabla1[[#This Row],[Hora fin ]]-Tabla1[[#This Row],[Hora inicio]],"") -> 0.10416667 | N97: =IF(Tabla1[[#This Row],[Cantidad producida]]>Tabla1[[#This Row],[Cantidad teórica]],"SI","")
A98: 45772 | B98: 0.83333333 | C98: 0.90277778 | D98: =+IF(Tabla1[[#This Row],[Hora inicio]]<$B$1,"Mañana","Tarde") -> Tarde | E98: P | F98: =IF(Tabla1[[#This Row],[P/LC/CF/CL]]="P",Tabla1[[#This Row],[Hora fin ]]-Tabla1[[#This Row],[Hora inicio]],"") -> 0.069444444 | G98: =Tabla1[[#This Row],[Hora fin ]]-Tabla1[[#This Row],[Hora inicio]] -> 0.069444444 | H98: =WEEKNUM(Tabla1[[#This Row],[Día]]) -> 17 | J98: =IFERROR(((HOUR(Tabla1[[#This Row],[Tiempo producción]])*60+MINUTE(Tabla1[[#This Row],[Tiempo producción]]))/60)*$J$1,"") -> 3000 | K98: =IFERROR(Tabla1[[#This Row],[Cantidad producida]]/Tabla1[[#This Row],[Cantidad teórica]],"") -> 0 | M98: =IF(Tabla1[[#This Row],[P/LC/CF/CL]]<>"P",Tabla1[[#This Row],[Hora fin ]]-Tabla1[[#This Row],[Hora inicio]],"") | N98: =IF(Tabla1[[#This Row],[Cantidad producida]]>Tabla1[[#This Row],[Cantidad teórica]],"SI","")
A99: 45775 | B99: 0.29166667 | C99: 0.52083333 | D99: =+IF(Tabla1[[#This Row],[Hora inicio]]<$B$1,"Mañana","Tarde") -> Mañana | E99: P | F99: =IF(Tabla1[[#This Row],[P/LC/CF/CL]]="P",Tabla1[[#This Row],[Hora fin ]]-Tabla1[[#This Row],[Hora inicio]],"") -> 0.22916667 | G99: =Tabla1[[#This Row],[Hora fin ]]-Tabla1[[#This Row],[Hora inicio]] -> 0.22916667 | H99: =WEEKNUM(Tabla1[[#This Row],[Día]]) -> 18 | J99: =IFERROR(((HOUR(Tabla1[[#This Row],[Tiempo producción]])*60+MINUTE(Tabla1[[#This Row],[Tiempo producción]]))/60)*$J$1,"") -> 9900 | K99: =IFERROR(Tabla1[[#This Row],[Cantidad producida]]/Tabla1[[#This Row],[Cantidad teórica]],"") -> 0 | L99: , se va la luz a las 12.30 | M99: =IF(Tabla1[[#This Row],[P/LC/CF/CL]]<>"P",Tabla1[[#This Row],[Hora fin ]]-Tabla1[[#This Row],[Hora inicio]],"") | N99: =IF(Tabla1[[#This Row],[Cantidad producida]]>Tabla1[[#This Row],[Cantidad teórica]],"SI","")
A100: 45775 | B100: 0.6875 | C100: 0.89583333 | D100: =+IF(Tabla1[[#This Row],[Hora inicio]]<$B$1,"Mañana","Tarde") -> Tarde | E100: P | F100: =IF(Tabla1[[#This Row],[P/LC/CF/CL]]="P",Tabla1[[#This Row],[Hora fin ]]-Tabla1[[#This Row],[Hora inicio]],"") -> 0.20833333 | G100: =Tabla1[[#This Row],[Hora fin ]]-Tabla1[[#This Row],[Hora inicio]] -> 0.20833333 | H100: =WEEKNUM(Tabla1[[#This Row],[Día]]) -> 18 | J100: =IFERROR(((HOUR(Tabla1[[#This Row],[Tiempo producción]])*60+MINUTE(Tabla1[[#This Row],[Tiempo producción]]))/60)*$J$1,"") -> 9000 | K100: =IFERROR(Tabla1[[#This Row],[Cantidad producida]]/Tabla1[[#This Row],[Cantidad teórica]],"") -> 0 | L100: , vuelve a las 16.30 | M100: =IF(Tabla1[[#This Row],[P/LC/CF/CL]]<>"P",Tabla1[[#This Row],[Hora fin ]]-Tabla1[[#This Row],[Hora inicio]],"") | N100: =IF(Tabla1[[#This Row],[Cantidad producida]]>Tabla1[[#This Row],[Cantidad teórica]],"SI","")
A101: 45776 | B101: 0.28125 | C101: 0.4375 | D101: =+IF(Tabla1[[#This Row],[Hora inicio]]<$B$1,"Mañana","Tarde") -> Mañana | E101: P | F101: =IF(Tabla1[[#This Row],[P/LC/CF/CL]]="P",Tabla1[[#This Row],[Hora fin ]]-Tabla1[[#This Row],[Hora inicio]],"") -> 0.15625 | G101: =Tabla1[[#This Row],[Hora fin ]]-Tabla1[[#This Row],[Hora inicio]] -> 0.15625 | H101: =WEEKNUM(Tabla1[[#This Row],[Día]]) -> 18 | J101: =IFERROR(((HOUR(Tabla1[[#This Row],[Tiempo producción]])*60+MINUTE(Tabla1[[#This Row],[Tiempo producción]]))/60)*$J$1,"") -> 6750 | K101: =IFERROR(Tabla1[[#This Row],[Cantidad producida]]/Tabla1[[#This Row],[Cantidad teórica]],"") -> 0 | M101: =IF(Tabla1[[#This Row],[P/LC/CF/CL]]<>"P",Tabla1[[#This Row],[Hora fin ]]-Tabla1[[#This Row],[Hora inicio]],"") | N101: =IF(Tabla1[[#This Row],[Cantidad producida]]>Tabla1[[#This Row],[Cantidad teórica]],"SI","")
A102: 45776 | B102: 0.69444444 | C102: 0.84027778 | D102: =+IF(Tabla1[[#This Row],[Hora inicio]]<$B$1,"Mañana","Tarde") -> Tarde | E102: P | F102: =IF(Tabla1[[#This Row],[P/LC/CF/CL]]="P",Tabla1[[#This Row],[Hora fin ]]-Tabla1[[#This Row],[Hora inicio]],"") -> 0.14583333 | G102: =Tabla1[[#This Row],[Hora fin ]]-Tabla1[[#This Row],[Hora inicio]] -> 0.14583333 | H102: =WEEKNUM(Tabla1[[#This Row],[Día]]) -> 18 | J102: =IFERROR(((HOUR(Tabla1[[#This Row],[Tiempo producción]])*60+MINUTE(Tabla1[[#This Row],[Tiempo producción]]))/60)*$J$1,"") -> 6300 | K102: =IFERROR(Tabla1[[#This Row],[Cantidad producida]]/Tabla1[[#This Row],[Cantidad teórica]],"") -> 0 | M102: =IF(Tabla1[[#This Row],[P/LC/CF/CL]]<>"P",Tabla1[[#This Row],[Hora fin ]]-Tabla1[[#This Row],[Hora inicio]],"") | N102: =IF(Tabla1[[#This Row],[Cantidad producida]]>Tabla1[[#This Row],[Cantidad teórica]],"SI","")
A103: 45777 | B103: 0.33333333 | C103: 0.5625 | D103: =+IF(Tabla1[[#This Row],[Hora inicio]]<$B$1,"Mañana","Tarde") -> Mañana | E103: P | F103: =IF(Tabla1[[#This Row],[P/LC/CF/CL]]="P",Tabla1[[#This Row],[Hora fin ]]-Tabla1[[#This Row],[Hora inicio]],"") -> 0.22916667 | G103: =Tabla1[[#This Row],[Hora fin ]]-Tabla1[[#This Row],[Hora inicio]] -> 0.22916667 | H103: =WEEKNUM(Tabla1[[#This Row],[Día]]) -> 18 | J103: =IFERROR(((HOUR(Tabla1[[#This Row],[Tiempo producción]])*60+MINUTE(Tabla1[[#This Row],[Tiempo producción]]))/60)*$J$1,"") -> 9900 | K103: =IFERROR(Tabla1[[#This Row],[Cantidad producida]]/Tabla1[[#This Row],[Cantidad teórica]],"") -> 0 | M103: =IF(Tabla1[[#This Row],[P/LC/CF/CL]]<>"P",Tabla1[[#This Row],[Hora fin ]]-Tabla1[[#This Row],[Hora inicio]],"") | N103: =IF(Tabla1[[#This Row],[Cantidad producida]]>Tabla1[[#This Row],[Cantidad teórica]],"SI","")
A104: 45777 | B104: 0.59027778 | C104: 0.84375 | D104: =+IF(Tabla1[[#This Row],[Hora inicio]]<$B$1,"Mañana","Tarde") -> Tarde | E104: P | F104: =IF(Tabla1[[#This Row],[P/LC/CF/CL]]="P",Tabla1[[#This Row],[Hora fin ]]-Tabla1[[#This Row],[Hora inicio]],"") -> 0.25347222 | G104: =Tabla1[[#This Row],[Hora fin ]]-Tabla1[[#This Row],[Hora inicio]] -> 0.25347222 | H104: =WEEKNUM(Tabla1[[#This Row],[Día]]) -> 18 | J104: =IFERROR(((HOUR(Tabla1[[#This Row],[Tiempo producción]])*60+MINUTE(Tabla1[[#This Row],[Tiempo producción]]))/60)*$J$1,"") -> 10950 | K104: =IFERROR(Tabla1[[#This Row],[Cantidad producida]]/Tabla1[[#This Row],[Cantidad teórica]],"") -> 0 | M104: =IF(Tabla1[[#This Row],[P/LC/CF/CL]]<>"P",Tabla1[[#This Row],[Hora fin ]]-Tabla1[[#This Row],[Hora inicio]],"") | N104: =IF(Tabla1[[#This Row],[Cantidad producida]]>Tabla1[[#This Row],[Cantidad teórica]],"SI","")
A105: 45779 | B105: 0.38194444 | C105: 0.40625 | D105: =+IF(Tabla1[[#This Row],[Hora inicio]]<$B$1,"Mañana","Tarde") -> Mañana | E105: CL | F105: =IF(Tabla1[[#This Row],[P/LC/CF/CL]]="P",Tabla1[[#This Row],[Hora fin ]]-Tabla1[[#This Row],[Hora inicio]],"") | G105: =Tabla1[[#This Row],[Hora fin ]]-Tabla1[[#This Row],[Hora inicio]] -> 0.024305556 | H105: =WEEKNUM(Tabla1[[#This Row],[Día]]) -> 18 | J105: =IFERROR(((HOUR(Tabla1[[#This Row],[Tiempo producción]])*60+MINUTE(Tabla1[[#This Row],[Tiempo producción]]))/60)*$J$1,"") | K105: =IFERROR(Tabla1[[#This Row],[Cantidad producida]]/Tabla1[[#This Row],[Cantidad teórica]],"") | M105: =IF(Tabla1[[#This Row],[P/LC/CF/CL]]<>"P",Tabla1[[#This Row],[Hora fin ]]-Tabla1[[#This Row],[Hora inicio]],"") -> 0.024305556 | N105: =IF(Tabla1[[#This Row],[Cantidad producida]]>Tabla1[[#This Row],[Cantidad teórica]],"SI","")
A106: 45779 | B106: 0.40625 | C106: 0.5625 | D106: =+IF(Tabla1[[#This Row],[Hora inicio]]<$B$1,"Mañana","Tarde") -> Mañana | E106: P | F106: =IF(Tabla1[[#This Row],[P/LC/CF/CL]]="P",Tabla1[[#This Row],[Hora fin ]]-Tabla1[[#This Row],[Hora inicio]],"") -> 0.15625 | G106: =Tabla1[[#This Row],[Hora fin ]]-Tabla1[[#This Row],[Hora inicio]] -> 0.15625 | H106: =WEEKNUM(Tabla1[[#This Row],[Día]]) -> 18 | J106: =IFERROR(((HOUR(Tabla1[[#This Row],[Tiempo producción]])*60+MINUTE(Tabla1[[#This Row],[Tiempo producción]]))/60)*$J$1,"") -> 6750 | K106: =IFERROR(Tabla1[[#This Row],[Cantidad producida]]/Tabla1[[#This Row],[Cantidad teórica]],"") -> 0 | M106: =IF(Tabla1[[#This Row],[P/LC/CF/CL]]<>"P",Tabla1[[#This Row],[Hora fin ]]-Tabla1[[#This Row],[Hora inicio]],"") | N106: =IF(Tabla1[[#This Row],[Cantidad producida]]>Tabla1[[#This Row],[Cantidad teórica]],"SI","")
A107: 45779 | B107: 0.29166667 | C107: 0.38194444 | D107: =+IF(Tabla1[[#This Row],[Hora inicio]]<$B$1,"Mañana","Tarde") -> Mañana | E107: P | F107: =IF(Tabla1[[#This Row],[P/LC/CF/CL]]="P",Tabla1[[#This Row],[Hora fin ]]-Tabla1[[#This Row],[Hora inicio]],"") -> 0.090277778 | G107: =Tabla1[[#This Row],[Hora fin ]]-Tabla1[[#This Row],[Hora inicio]] -> 0.090277778 | H107: =WEEKNUM(Tabla1[[#This Row],[Día]]) -> 18 | J107: =IFERROR(((HOUR(Tabla1[[#This Row],[Tiempo producción]])*60+MINUTE(Tabla1[[#This Row],[Tiempo producción]]))/60)*$J$1,"") -> 3900 | K107: =IFERROR(Tabla1[[#This Row],[Cantidad producida]]/Tabla1[[#This Row],[Cantidad teórica]],"") -> 0 | M107: =IF(Tabla1[[#This Row],[P/LC/CF/CL]]<>"P",Tabla1[[#This Row],[Hora fin ]]-Tabla1[[#This Row],[Hora inicio]],"") | N107: =IF(Tabla1[[#This Row],[Cantidad producida]]>Tabla1[[#This Row],[Cantidad teórica]],"SI","")
A108: 45782 | B108: 0.29166667 | C108: 0.54861111 | D108: =+IF(Tabla1[[#This Row],[Hora inicio]]<$B$1,"Mañana","Tarde") -> Mañana | E108: P | F108: =IF(Tabla1[[#This Row],[P/LC/CF/CL]]="P",Tabla1[[#This Row],[Hora fin ]]-Tabla1[[#This Row],[Hora inicio]],"") -> 0.25694444 | G108: =Tabla1[[#This Row],[Hora fin ]]-Tabla1[[#This Row],[Hora inicio]] -> 0.25694444 | H108: =WEEKNUM(Tabla1[[#This Row],[Día]]) -> 19 | J108: =IFERROR(((HOUR(Tabla1[[#This Row],[Tiempo producción]])*60+MINUTE(Tabla1[[#This Row],[Tiempo producción]]))/60)*$J$1,"") -> 11100 | K108: =IFERROR(Tabla1[[#This Row],[Cantidad producida]]/Tabla1[[#This Row],[Cantidad teórica]],"") -> 0 | M108: =IF(Tabla1[[#This Row],[P/LC/CF/CL]]<>"P",Tabla1[[#This Row],[Hora fin ]]-Tabla1[[#This Row],[Hora inicio]],"") | N108: =IF(Tabla1[[#This Row],[Cantidad producida]]>Tabla1[[#This Row],[Cantidad teórica]],"SI","")
A109: 45782 | B109: 0.59375 | C109: 0.68055556 | D109: =+IF(Tabla1[[#This Row],[Hora inicio]]<$B$1,"Mañana","Tarde") -> Tarde | E109: P | F109: =IF(Tabla1[[#This Row],[P/LC/CF/CL]]="P",Tabla1[[#This Row],[Hora fin ]]-Tabla1[[#This Row],[Hora inicio]],"") -> 0.086805556 | G109: =Tabla1[[#This Row],[Hora fin ]]-Tabla1[[#This Row],[Hora inicio]] -> 0.086805556 | H109: =WEEKNUM(Tabla1[[#This Row],[Día]]) -> 19 | J109: =IFERROR(((HOUR(Tabla1[[#This Row],[Tiempo producción]])*60+MINUTE(Tabla1[[#This Row],[Tiempo producción]]))/60)*$J$1,"") -> 3750 | K109: =IFERROR(Tabla1[[#This Row],[Cantidad producida]]/Tabla1[[#This Row],[Cantidad teórica]],"") -> 0 | M109: =IF(Tabla1[[#This Row],[P/LC/CF/CL]]<>"P",Tabla1[[#This Row],[Hora fin ]]-Tabla1[[#This Row],[Hora inicio]],"") | N109: =IF(Tabla1[[#This Row],[Cantidad producida]]>Tabla1[[#This Row],[Cantidad teórica]],"SI","")
A110: 45782 | B110: 0.69097222 | C110: 0.69791667 | D110: =+IF(Tabla1[[#This Row],[Hora inicio]]<$B$1,"Mañana","Tarde") -> Tarde | E110: CL | F110: =IF(Tabla1[[#This Row],[P/LC/CF/CL]]="P",Tabla1[[#This Row],[Hora fin ]]-Tabla1[[#This Row],[Hora inicio]],"") | G110: =Tabla1[[#This Row],[Hora fin ]]-Tabla1[[#This Row],[Hora inicio]] -> 0.0069444444 | H110: =WEEKNUM(Tabla1[[#This Row],[Día]]) -> 19 | J110: =IFERROR(((HOUR(Tabla1[[#This Row],[Tiempo producción]])*60+MINUTE(Tabla1[[#This Row],[Tiempo producción]]))/60)*$J$1,"") | K110: =IFERROR(Tabla1[[#This Row],[Cantidad producida]]/Tabla1[[#This Row],[Cantidad teórica]],"") | M110: =IF(Tabla1[[#This Row],[P/LC/CF/CL]]<>"P",Tabla1[[#This Row],[Hora fin ]]-Tabla1[[#This Row],[Hora inicio]],"") -> 0.0069444444 | N110: =IF(Tabla1[[#This Row],[Cantidad producida]]>Tabla1[[#This Row],[Cantidad teórica]],"SI","")
A111: 45782 | B111: 0.70833333 | C111: 0.89583333 | D111: =+IF(Tabla1[[#This Row],[Hora inicio]]<$B$1,"Mañana","Tarde") -> Tarde | E111: P | F111: =IF(Tabla1[[#This Row],[P/LC/CF/CL]]="P",Tabla1[[#This Row],[Hora fin ]]-Tabla1[[#This Row],[Hora inicio]],"") -> 0.1875 | G111: =Tabla1[[#This Row],[Hora fin ]]-Tabla1[[#This Row],[Hora inicio]] -> 0.1875 | H111: =WEEKNUM(Tabla1[[#This Row],[Día]]) -> 19 | J111: =IFERROR(((HOUR(Tabla1[[#This Row],[Tiempo producción]])*60+MINUTE(Tabla1[[#This Row],[Tiempo producción]]))/60)*$J$1,"") -> 8100 | K111: =IFERROR(Tabla1[[#This Row],[Cantidad producida]]/Tabla1[[#This Row],[Cantidad teórica]],"") -> 0 | M111: =IF(Tabla1[[#This Row],[P/LC/CF/CL]]<>"P",Tabla1[[#This Row],[Hora fin ]]-Tabla1[[#This Row],[Hora inicio]],"") | N111: =IF(Tabla1[[#This Row],[Cantidad producida]]>Tabla1[[#This Row],[Cantidad teórica]],"SI","")
A112: 45783 | B112: 0.26041667 | C112: 0.55555556 | D112: =+IF(Tabla1[[#This Row],[Hora inicio]]<$B$1,"Mañana","Tarde") -> Mañana | E112: P | F112: =IF(Tabla1[[#This Row],[P/LC/CF/CL]]="P",Tabla1[[#This Row],[Hora fin ]]-Tabla1[[#This Row],[Hora inicio]],"") -> 0.29513889 | G112: =Tabla1[[#This Row],[Hora fin ]]-Tabla1[[#This Row],[Hora inicio]] -> 0.29513889 | H112: =WEEKNUM(Tabla1[[#This Row],[Día]]) -> 19 | J112: =IFERROR(((HOUR(Tabla1[[#This Row],[Tiempo producción]])*60+MINUTE(Tabla1[[#This Row],[Tiempo producción]]))/60)*$J$1,"") -> 12750 | K112: =IFERROR(Tabla1[[#This Row],[Cantidad producida]]/Tabla1[[#This Row],[Cantidad teórica]],"") -> 0 | M112: =IF(Tabla1[[#This Row],[P/LC/CF/CL]]<>"P",Tabla1[[#This Row],[Hora fin ]]-Tabla1[[#This Row],[Hora inicio]],"") | N112: =IF(Tabla1[[#This Row],[Cantidad producida]]>Tabla1[[#This Row],[Cantidad teórica]],"SI","")
... A145: 45797 | B145: 0.59722222 | C145: 0.85069444 | D145: =+IF(Tabla1[[#This Row],[Hora inicio]]<$B$1,"Mañana","Tarde") -> Tarde | E145: p | F145: =IF(Tabla1[[#This Row],[P/LC/CF/CL]]="P",Tabla1[[#This Row],[Hora fin ]]-Tabla1[[#This Row],[Hora inicio]],"") -> 0.25347222 | G145: =Tabla1[[#This Row],[Hora fin ]]-Tabla1[[#This Row],[Hora inicio]] -> 0.25347222 | H145: =WEEKNUM(Tabla1[[#This Row],[Día]]) -> 21 | J145: =IFERROR(((HOUR(Tabla1[[#This Row],[Tiempo producción]])*60+MINUTE(Tabla1[[#This Row],[Tiempo producción]]))/60)*$J$1,"") -> 10950 | K145: =IFERROR(Tabla1[[#This Row],[Cantidad producida]]/Tabla1[[#This Row],[Cantidad teórica]],"") -> 0 | M145: =IF(Tabla1[[#This Row],[P/LC/CF/CL]]<>"P",Tabla1[[#This Row],[Hora fin ]]-Tabla1[[#This Row],[Hora inicio]],"") | N145: =IF(Tabla1[[#This Row],[Cantidad producida]]>Tabla1[[#This Row],[Cantidad teórica]],"SI","")
A146: 45798 | D146: =+IF(Tabla1[[#This Row],[Hora inicio]]<$B$1,"Mañana","Tarde") -> Mañana | F146: 0.15277778 | G146: =Tabla1[[#This Row],[Hora fin ]]-Tabla1[[#This Row],[Hora inicio]] -> 0 | H146: =WEEKNUM(Tabla1[[#This Row],[Día]]) -> 21 | J146: =IFERROR(((HOUR(Tabla1[[#This Row],[Tiempo producción]])*60+MINUTE(Tabla1[[#This Row],[Tiempo producción]]))/60)*$J$1,"") -> 6600 | K146: =IFERROR(Tabla1[[#This Row],[Cantidad producida]]/Tabla1[[#This Row],[Cantidad teórica]],"") -> 0 | M146: =IF(Tabla1[[#This Row],[P/LC/CF/CL]]<>"P",Tabla1[[#This Row],[Hora fin ]]-Tabla1[[#This Row],[Hora inicio]],"") -> 0 | N146: =IF(Tabla1[[#This Row],[Cantidad producida]]>Tabla1[[#This Row],[Cantidad teórica]],"SI","")
A147: 45798 | B147: 0.26388889 | C147: 0.41666667 | D147: =+IF(Tabla1[[#This Row],[Hora inicio]]<$B$1,"Mañana","Tarde") -> Mañana | E147: P | F147: =IF(Tabla1[[#This Row],[P/LC/CF/CL]]="P",Tabla1[[#This Row],[Hora fin ]]-Tabla1[[#This Row],[Hora inicio]],"") -> 0.15277778 | G147: =Tabla1[[#This Row],[Hora fin ]]-Tabla1[[#This Row],[Hora inicio]] -> 0.15277778 | H147: =WEEKNUM(Tabla1[[#This Row],[Día]]) -> 21 | J147: =IFERROR(((HOUR(Tabla1[[#This Row],[Tiempo producción]])*60+MINUTE(Tabla1[[#This Row],[Tiempo producción]]))/60)*$J$1,"") -> 6600 | K147: =IFERROR(Tabla1[[#This Row],[Cantidad producida]]/Tabla1[[#This Row],[Cantidad teórica]],"") -> 0 | M147: =IF(Tabla1[[#This Row],[P/LC/CF/CL]]<>"P",Tabla1[[#This Row],[Hora fin ]]-Tabla1[[#This Row],[Hora inicio]],"") | N147: =IF(Tabla1[[#This Row],[Cantidad producida]]>Tabla1[[#This Row],[Cantidad teórica]],"SI","")
A148: 45799 | B148: 0.59375 | C148: 0.93055556 | D148: =+IF(Tabla1[[#This Row],[Hora inicio]]<$B$1,"Mañana","Tarde") -> Tarde | E148: p | F148: =IF(Tabla1[[#This Row],[P/LC/CF/CL]]="P",Tabla1[[#This Row],[Hora fin ]]-Tabla1[[#This Row],[Hora inicio]],"") -> 0.33680556 | G148: =Tabla1[[#This Row],[Hora fin ]]-Tabla1[[#This Row],[Hora inicio]] -> 0.33680556 | H148: =WEEKNUM(Tabla1[[#This Row],[Día]]) -> 21 | J148: =IFERROR(((HOUR(Tabla1[[#This Row],[Tiempo producción]])*60+MINUTE(Tabla1[[#This Row],[Tiempo producción]]))/60)*$J$1,"") -> 14550 | K148: =IFERROR(Tabla1[[#This Row],[Cantidad producida]]/Tabla1[[#This Row],[Cantidad teórica]],"") -> 0 | M148: =IF(Tabla1[[#This Row],[P/LC/CF/CL]]<>"P",Tabla1[[#This Row],[Hora fin ]]-Tabla1[[#This Row],[Hora inicio]],"") | N148: =IF(Tabla1[[#This Row],[Cantidad producida]]>Tabla1[[#This Row],[Cantidad teórica]],"SI","")
A149: 45800 | B149: 0.28125 | C149: 0.5625 | D149: =+IF(Tabla1[[#This Row],[Hora inicio]]<$B$1,"Mañana","Tarde") -> Mañana | E149: P | F149: =IF(Tabla1[[#This Row],[P/LC/CF/CL]]="P",Tabla1[[#This Row],[Hora fin ]]-Tabla1[[#This Row],[Hora inicio]],"") -> 0.28125 | G149: =Tabla1[[#This Row],[Hora fin ]]-Tabla1[[#This Row],[Hora inicio]] -> 0.28125 | H149: =WEEKNUM(Tabla1[[#This Row],[Día]]) -> 21 | J149: =IFERROR(((HOUR(Tabla1[[#This Row],[Tiempo producción]])*60+MINUTE(Tabla1[[#This Row],[Tiempo producción]]))/60)*$J$1,"") -> 12150 | K149: =IFERROR(Tabla1[[#This Row],[Cantidad producida]]/Tabla1[[#This Row],[Cantidad teórica]],"") -> 0 | M149: =IF(Tabla1[[#This Row],[P/LC/CF/CL]]<>"P",Tabla1[[#This Row],[Hora fin ]]-Tabla1[[#This Row],[Hora inicio]],"") | N149: =IF(Tabla1[[#This Row],[Cantidad producida]]>Tabla1[[#This Row],[Cantidad teórica]],"SI","")
A150: 45800 | D150: =+IF(Tabla1[[#This Row],[Hora inicio]]<$B$1,"Mañana","Tarde") -> Mañana | F150: 0.14583333 | G150: =Tabla1[[#This Row],[Hora fin ]]-Tabla1[[#This Row],[Hora inicio]] -> 0 | H150: =WEEKNUM(Tabla1[[#This Row],[Día]]) -> 21 | J150: =IFERROR(((HOUR(Tabla1[[#This Row],[Tiempo producción]])*60+MINUTE(Tabla1[[#This Row],[Tiempo producción]]))/60)*$J$1,"") -> 6300 | K150: =IFERROR(Tabla1[[#This Row],[Cantidad producida]]/Tabla1[[#This Row],[Cantidad teórica]],"") -> 0 | M150: =IF(Tabla1[[#This Row],[P/LC/CF/CL]]<>"P",Tabla1[[#This Row],[Hora fin ]]-Tabla1[[#This Row],[Hora inicio]],"") -> 0 | N150: =IF(Tabla1[[#This Row],[Cantidad producida]]>Tabla1[[#This Row],[Cantidad teórica]],"SI","")
A151: 45800 | B151: 0.78472222 | C151: 0.89583333 | D151: =+IF(Tabla1[[#This Row],[Hora inicio]]<$B$1,"Mañana","Tarde") -> Tarde | E151: P | F151: =IF(Tabla1[[#This Row],[P/LC/CF/CL]]="P",Tabla1[[#This Row],[Hora fin ]]-Tabla1[[#This Row],[Hora inicio]],"") -> 0.11111111 | G151: =Tabla1[[#This Row],[Hora fin ]]-Tabla1[[#This Row],[Hora inicio]] -> 0.11111111 | H151: =WEEKNUM(Tabla1[[#This Row],[Día]]) -> 21 | J151: =IFERROR(((HOUR(Tabla1[[#This Row],[Tiempo producción]])*60+MINUTE(Tabla1[[#This Row],[Tiempo producción]]))/60)*$J$1,"") -> 4800 | K151: =IFERROR(Tabla1[[#This Row],[Cantidad producida]]/Tabla1[[#This Row],[Cantidad teórica]],"") -> 0 | M151: =IF(Tabla1[[#This Row],[P/LC/CF/CL]]<>"P",Tabla1[[#This Row],[Hora fin ]]-Tabla1[[#This Row],[Hora inicio]],"") | N151: =IF(Tabla1[[#This Row],[Cantidad producida]]>Tabla1[[#This Row],[Cantidad teórica]],"SI","")
A152: 45803 | B152: 0.25 | C152: 0.52083333 | D152: =+IF(Tabla1[[#This Row],[Hora inicio]]<$B$1,"Mañana","Tarde") -> Mañana | E152: P | F152: =IF(Tabla1[[#This Row],[P/LC/CF/CL]]="P",Tabla1[[#This Row],[Hora fin ]]-Tabla1[[#This Row],[Hora inicio]],"") -> 0.27083333 | G152: =Tabla1[[#This Row],[Hora fin ]]-Tabla1[[#This Row],[Hora inicio]] -> 0.27083333 | H152: =WEEKNUM(Tabla1[[#This Row],[Día]]) -> 22 | J152: =IFERROR(((HOUR(Tabla1[[#This Row],[Tiempo producción]])*60+MINUTE(Tabla1[[#This Row],[Tiempo producción]]))/60)*$J$1,"") -> 11700 | K152: =IFERROR(Tabla1[[#This Row],[Cantidad producida]]/Tabla1[[#This Row],[Cantidad teórica]],"") -> 0 | M152: =IF(Tabla1[[#This Row],[P/LC/CF/CL]]<>"P",Tabla1[[#This Row],[Hora fin ]]-Tabla1[[#This Row],[Hora inicio]],"") | N152: =IF(Tabla1[[#This Row],[Cantidad producida]]>Tabla1[[#This Row],[Cantidad teórica]],"SI","")
A153: 45803 | B153: 0.60416667 | C153: 0.89583333 | D153: =+IF(Tabla1[[#This Row],[Hora inicio]]<$B$1,"Mañana","Tarde") -> Tarde | E153: p | F153: =IF(Tabla1[[#This Row],[P/LC/CF/CL]]="P",Tabla1[[#This Row],[Hora fin ]]-Tabla1[[#This Row],[Hora inicio]],"") -> 0.29166667 | G153: =Tabla1[[#This Row],[Hora fin ]]-Tabla1[[#This Row],[Hora inicio]] -> 0.29166667 | H153: =WEEKNUM(Tabla1[[#This Row],[Día]]) -> 22 | J153: =IFERROR(((HOUR(Tabla1[[#This Row],[Tiempo producción]])*60+MINUTE(Tabla1[[#This Row],[Tiempo producción]]))/60)*$J$1,"") -> 12600 | K153: =IFERROR(Tabla1[[#This Row],[Cantidad producida]]/Tabla1[[#This Row],[Cantidad teórica]],"") -> 0 | M153: =IF(Tabla1[[#This Row],[P/LC/CF/CL]]<>"P",Tabla1[[#This Row],[Hora fin ]]-Tabla1[[#This Row],[Hora inicio]],"") | N153: =IF(Tabla1[[#This Row],[Cantidad producida]]>Tabla1[[#This Row],[Cantidad teórica]],"SI","")
A154: 45804 | B154: 0.26736111 | C154: 0.38194444 | D154: =+IF(Tabla1[[#This Row],[Hora inicio]]<$B$1,"Mañana","Tarde") -> Mañana | E154: p | F154: =IF(Tabla1[[#This Row],[P/LC/CF/CL]]="P",Tabla1[[#This Row],[Hora fin ]]-Tabla1[[#This Row],[Hora inicio]],"") -> 0.11458333 | G154: =Tabla1[[#This Row],[Hora fin ]]-Tabla1[[#This Row],[Hora inicio]] -> 0.11458333 | H154: =WEEKNUM(Tabla1[[#This Row],[Día]]) -> 22 | J154: =IFERROR(((HOUR(Tabla1[[#This Row],[Tiempo producción]])*60+MINUTE(Tabla1[[#This Row],[Tiempo producción]]))/60)*$J$1,"") -> 4950 | K154: =IFERROR(Tabla1[[#This Row],[Cantidad producida]]/Tabla1[[#This Row],[Cantidad teórica]],"") -> 0 | M154: =IF(Tabla1[[#This Row],[P/LC/CF/CL]]<>"P",Tabla1[[#This Row],[Hora fin ]]-Tabla1[[#This Row],[Hora inicio]],"") | N154: =IF(Tabla1[[#This Row],[Cantidad producida]]>Tabla1[[#This Row],[Cantidad teórica]],"SI","")
A155: 45804 | B155: 0.59722222 | C155: 0.89583333 | D155: =+IF(Tabla1[[#This Row],[Hora inicio]]<$B$1,"Mañana","Tarde") -> Tarde | E155: p | F155: =IF(Tabla1[[#This Row],[P/LC/CF/CL]]="P",Tabla1[[#This Row],[Hora fin ]]-Tabla1[[#This Row],[Hora inicio]],"") -> 0.29861111 | G155: =Tabla1[[#This Row],[Hora fin ]]-Tabla1[[#This Row],[Hora inicio]] -> 0.29861111 | H155: =WEEKNUM(Tabla1[[#This Row],[Día]]) -> 22 | J155: =IFERROR(((HOUR(Tabla1[[#This Row],[Tiempo producción]])*60+MINUTE(Tabla1[[#This Row],[Tiempo producción]]))/60)*$J$1,"") -> 12900 | K155: =IFERROR(Tabla1[[#This Row],[Cantidad producida]]/Tabla1[[#This Row],[Cantidad teórica]],"") -> 0 | M155: =IF(Tabla1[[#This Row],[P/LC/CF/CL]]<>"P",Tabla1[[#This Row],[Hora fin ]]-Tabla1[[#This Row],[Hora inicio]],"") | N155: =IF(Tabla1[[#This Row],[Cantidad producida]]>Tabla1[[#This Row],[Cantidad teórica]],"SI","")
A156: 45805 | B156: 0.58333333 | C156: 0.66666667 | D156: =+IF(Tabla1[[#This Row],[Hora inicio]]<$B$1,"Mañana","Tarde") -> Tarde | E156: p | F156: =IF(Tabla1[[#This Row],[P/LC/CF/CL]]="P",Tabla1[[#This Row],[Hora fin ]]-Tabla1[[#This Row],[Hora inicio]],"") -> 0.083333333 | G156: =Tabla1[[#This Row],[Hora fin ]]-Tabla1[[#This Row],[Hora inicio]] -> 0.083333333 | H156: =WEEKNUM(Tabla1[[#This Row],[Día]]) -> 22 | J156: =IFERROR(((HOUR(Tabla1[[#This Row],[Tiempo producción]])*60+MINUTE(Tabla1[[#This Row],[Tiempo producción]]))/60)*$J$1,"") -> 3600 | K156: =IFERROR(Tabla1[[#This Row],[Cantidad producida]]/Tabla1[[#This Row],[Cantidad teórica]],"") -> 0 | M156: =IF(Tabla1[[#This Row],[P/LC/CF/CL]]<>"P",Tabla1[[#This Row],[Hora fin ]]-Tabla1[[#This Row],[Hora inicio]],"") | N156: =IF(Tabla1[[#This Row],[Cantidad producida]]>Tabla1[[#This Row],[Cantidad teórica]],"SI","")
A157: 45805 | B157: 0.69444444 | C157: 0.89583333 | D157: =+IF(Tabla1[[#This Row],[Hora inicio]]<$B$1,"Mañana","Tarde") -> Tarde | E157: p | F157: =IF(Tabla1[[#This Row],[P/LC/CF/CL]]="P",Tabla1[[#This Row],[Hora fin ]]-Tabla1[[#This Row],[Hora inicio]],"") -> 0.20138889 | G157: =Tabla1[[#This Row],[Hora fin ]]-Tabla1[[#This Row],[Hora inicio]] -> 0.20138889 | H157: =WEEKNUM(Tabla1[[#This Row],[Día]]) -> 22 | J157: =IFERROR(((HOUR(Tabla1[[#This Row],[Tiempo producción]])*60+MINUTE(Tabla1[[#This Row],[Tiempo producción]]))/60)*$J$1,"") -> 8700 | K157: =IFERROR(Tabla1[[#This Row],[Cantidad producida]]/Tabla1[[#This Row],[Cantidad teórica]],"") -> 0 | M157: =IF(Tabla1[[#This Row],[P/LC/CF/CL]]<>"P",Tabla1[[#This Row],[Hora fin ]]-Tabla1[[#This Row],[Hora inicio]],"") | N157: =IF(Tabla1[[#This Row],[Cantidad producida]]>Tabla1[[#This Row],[Cantidad teórica]],"SI","")
A158: 45806 | B158: 0.27083333 | C158: 0.56597222 | D158: =+IF(Tabla1[[#This Row],[Hora inicio]]<$B$1,"Mañana","Tarde") -> Mañana | E158: p | F158: =IF(Tabla1[[#This Row],[P/LC/CF/CL]]="P",Tabla1[[#This Row],[Hora fin ]]-Tabla1[[#This Row],[Hora inicio]],"") -> 0.29513889 | G158: =Tabla1[[#This Row],[Hora fin ]]-Tabla1[[#This Row],[Hora inicio]] -> 0.29513889 | H158: =WEEKNUM(Tabla1[[#This Row],[Día]]) -> 22 | J158: =IFERROR(((HOUR(Tabla1[[#This Row],[Tiempo producción]])*60+MINUTE(Tabla1[[#This Row],[Tiempo producción]]))/60)*$J$1,"") -> 12750 | K158: =IFERROR(Tabla1[[#This Row],[Cantidad producida]]/Tabla1[[#This Row],[Cantidad teórica]],"") -> 0 | M158: =IF(Tabla1[[#This Row],[P/LC/CF/CL]]<>"P",Tabla1[[#This Row],[Hora fin ]]-Tabla1[[#This Row],[Hora inicio]],"") | N158: =IF(Tabla1[[#This Row],[Cantidad producida]]>Tabla1[[#This Row],[Cantidad teórica]],"SI","")
A159: 45806 | B159: 0.59722222 | C159: 0.70833333 | D159: =+IF(Tabla1[[#This Row],[Hora inicio]]<$B$1,"Mañana","Tarde") -> Tarde | E159: p | F159: =IF(Tabla1[[#This Row],[P/LC/CF/CL]]="P",Tabla1[[#This Row],[Hora fin ]]-Tabla1[[#This Row],[Hora inicio]],"") -> 0.11111111 | G159: =Tabla1[[#This Row],[Hora fin ]]-Tabla1[[#This Row],[Hora inicio]] -> 0.11111111 | H159: =WEEKNUM(Tabla1[[#This Row],[Día]]) -> 22 | J159: =IFERROR(((HOUR(Tabla1[[#This Row],[Tiempo producción]])*60+MINUTE(Tabla1[[#This Row],[Tiempo producción]]))/60)*$J$1,"") -> 4800 | K159: =IFERROR(Tabla1[[#This Row],[Cantidad producida]]/Tabla1[[#This Row],[Cantidad teórica]],"") -> 0 | M159: =IF(Tabla1[[#This Row],[P/LC/CF/CL]]<>"P",Tabla1[[#This Row],[Hora fin ]]-Tabla1[[#This Row],[Hora inicio]],"") | N159: =IF(Tabla1[[#This Row],[Cantidad producida]]>Tabla1[[#This Row],[Cantidad teórica]],"SI","")
A160: 45806 | B160: 0.79166667 | C160: 0.84375 | D160: =+IF(Tabla1[[#This Row],[Hora inicio]]<$B$1,"Mañana","Tarde") -> Tarde | E160: p | F160: =IF(Tabla1[[#This Row],[P/LC/CF/CL]]="P",Tabla1[[#This Row],[Hora fin ]]-Tabla1[[#This Row],[Hora inicio]],"") -> 0.052083333 | G160: =Tabla1[[#This Row],[Hora fin ]]-Tabla1[[#This Row],[Hora inicio]] -> 0.052083333 | H160: =WEEKNUM(Tabla1[[#This Row],[Día]]) -> 22 | J160: =IFERROR(((HOUR(Tabla1[[#This Row],[Tiempo producción]])*60+MINUTE(Tabla1[[#This Row],[Tiempo producción]]))/60)*$J$1,"") -> 2250 | K160: =IFERROR(Tabla1[[#This Row],[Cantidad producida]]/Tabla1[[#This Row],[Cantidad teórica]],"") -> 0 | M160: =IF(Tabla1[[#This Row],[P/LC/CF/CL]]<>"P",Tabla1[[#This Row],[Hora fin ]]-Tabla1[[#This Row],[Hora inicio]],"") | N160: =IF(Tabla1[[#This Row],[Cantidad producida]]>Tabla1[[#This Row],[Cantidad teórica]],"SI","")
A161: 45807 | B161: 0.28472222 | C161: 0.57291667 | D161: =+IF(Tabla1[[#This Row],[Hora inicio]]<$B$1,"Mañana","Tarde") -> Mañana | E161: p | F161: =IF(Tabla1[[#This Row],[P/LC/CF/CL]]="P",Tabla1[[#This Row],[Hora fin ]]-Tabla1[[#This Row],[Hora inicio]],"") -> 0.28819444 | G161: =Tabla1[[#This Row],[Hora fin ]]-Tabla1[[#This Row],[Hora inicio]] -> 0.28819444 | H161: =WEEKNUM(Tabla1[[#This Row],[Día]]) -> 22 | J161: =IFERROR(((HOUR(Tabla1[[#This Row],[Tiempo producción]])*60+MINUTE(Tabla1[[#This Row],[Tiempo producción]]))/60)*$J$1,"") -> 12450 | K161: =IFERROR(Tabla1[[#This Row],[Cantidad producida]]/Tabla1[[#This Row],[Cantidad teórica]],"") -> 0 | M161: =IF(Tabla1[[#This Row],[P/LC/CF/CL]]<>"P",Tabla1[[#This Row],[Hora fin ]]-Tabla1[[#This Row],[Hora inicio]],"") | N161: =IF(Tabla1[[#This Row],[Cantidad producida]]>Tabla1[[#This Row],[Cantidad teórica]],"SI","")
A162: 45812 | B162: 0.72222222 | C162: 0.88541667 | D162: =+IF(Tabla1[[#This Row],[Hora inicio]]<$B$1,"Mañana","Tarde") -> Tarde | E162: P | F162: =IF(Tabla1[[#This Row],[P/LC/CF/CL]]="P",Tabla1[[#This Row],[Hora fin ]]-Tabla1[[#This Row],[Hora inicio]],"") -> 0.16319444 | G162: =Tabla1[[#This Row],[Hora fin ]]-Tabla1[[#This Row],[Hora inicio]] -> 0.16319444 | H162: =WEEKNUM(Tabla1[[#This Row],[Día]]) -> 23 | J162: =IFERROR(((HOUR(Tabla1[[#This Row],[Tiempo producción]])*60+MINUTE(Tabla1[[#This Row],[Tiempo producción]]))/60)*$J$1,"") -> 7050 | K162: =IFERROR(Tabla1[[#This Row],[Cantidad producida]]/Tabla1[[#This Row],[Cantidad teórica]],"") -> 0 | M162: =IF(Tabla1[[#This Row],[P/LC/CF/CL]]<>"P",Tabla1[[#This Row],[Hora fin ]]-Tabla1[[#This Row],[Hora inicio]],"") | N162: =IF(Tabla1[[#This Row],[Cantidad producida]]>Tabla1[[#This Row],[Cantidad teórica]],"SI","")
... A165: 45813 | B165: 0.47222222 | C165: 0.58333333 | D165: =+IF(Tabla1[[#This Row],[Hora inicio]]<$B$1,"Mañana","Tarde") -> Mañana | E165: P | F165: =IF(Tabla1[[#This Row],[P/LC/CF/CL]]="P",Tabla1[[#This Row],[Hora fin ]]-Tabla1[[#This Row],[Hora inicio]],"") -> 0.11111111 | G165: =Tabla1[[#This Row],[Hora fin ]]-Tabla1[[#This Row],[Hora inicio]] -> 0.11111111 | H165: =WEEKNUM(Tabla1[[#This Row],[Día]]) -> 23 | J165: =IFERROR(((HOUR(Tabla1[[#This Row],[Tiempo producción]])*60+MINUTE(Tabla1[[#This Row],[Tiempo producción]]))/60)*$J$1,"") -> 4800 | K165: =IFERROR(Tabla1[[#This Row],[Cantidad producida]]/Tabla1[[#This Row],[Cantidad teórica]],"") -> 0 | M165: =IF(Tabla1[[#This Row],[P/LC/CF/CL]]<>"P",Tabla1[[#This Row],[Hora fin ]]-Tabla1[[#This Row],[Hora inicio]],"") | N165: =IF(Tabla1[[#This Row],[Cantidad producida]]>Tabla1[[#This Row],[Cantidad teórica]],"SI","")
A166: 45813 | B166: 0.59375 | C166: 0.71180556 | D166: Tarde | E166: P | F166: =IF(Tabla1[[#This Row],[P/LC/CF/CL]]="P",Tabla1[[#This Row],[Hora fin ]]-Tabla1[[#This Row],[Hora inicio]],"") -> 0.11805556 | G166: =Tabla1[[#This Row],[Hora fin ]]-Tabla1[[#This Row],[Hora inicio]] -> 0.11805556 | H166: =WEEKNUM(Tabla1[[#This Row],[Día]]) -> 23 | J166: =IFERROR(((HOUR(Tabla1[[#This Row],[Tiempo producción]])*60+MINUTE(Tabla1[[#This Row],[Tiempo producción]]))/60)*$J$1,"") -> 5100 | K166: =IFERROR(Tabla1[[#This Row],[Cantidad producida]]/Tabla1[[#This Row],[Cantidad teórica]],"") -> 0 | M166: =IF(Tabla1[[#This Row],[P/LC/CF/CL]]<>"P",Tabla1[[#This Row],[Hora fin ]]-Tabla1[[#This Row],[Hora inicio]],"") | N166: =IF(Tabla1[[#This Row],[Cantidad producida]]>Tabla1[[#This Row],[Cantidad teórica]],"SI","")
A167: 45813 | B167: 0.63888889 | C167: 0.80555556 | D167: Tarde | E167: P | F167: =IF(Tabla1[[#This Row],[P/LC/CF/CL]]="P",Tabla1[[#This Row],[Hora fin ]]-Tabla1[[#This Row],[Hora inicio]],"") -> 0.16666667 | G167: =Tabla1[[#This Row],[Hora fin ]]-Tabla1[[#This Row],[Hora inicio]] -> 0.16666667 | H167: =WEEKNUM(Tabla1[[#This Row],[Día]]) -> 23 | J167: =IFERROR(((HOUR(Tabla1[[#This Row],[Tiempo producción]])*60+MINUTE(Tabla1[[#This Row],[Tiempo producción]]))/60)*$J$1,"") -> 7200 | K167: =IFERROR(Tabla1[[#This Row],[Cantidad producida]]/Tabla1[[#This Row],[Cantidad teórica]],"") -> 0 | M167: =IF(Tabla1[[#This Row],[P/LC/CF/CL]]<>"P",Tabla1[[#This Row],[Hora fin ]]-Tabla1[[#This Row],[Hora inicio]],"") | N167: =IF(Tabla1[[#This Row],[Cantidad producida]]>Tabla1[[#This Row],[Cantidad teórica]],"SI","")
A168: 45814 | B168: 0.33333333 | C168: 0.5 | D168: =+IF(Tabla1[[#This Row],[Hora inicio]]<$B$1,"Mañana","Tarde") -> Mañana | E168: P | F168: =IF(Tabla1[[#This Row],[P/LC/CF/CL]]="P",Tabla1[[#This Row],[Hora fin ]]-Tabla1[[#This Row],[Hora inicio]],"") -> 0.16666667 | G168: =Tabla1[[#This Row],[Hora fin ]]-Tabla1[[#This Row],[Hora inicio]] -> 0.16666667 | H168: =WEEKNUM(Tabla1[[#This Row],[Día]]) -> 23 | J168: =IFERROR(((HOUR(Tabla1[[#This Row],[Tiempo producción]])*60+MINUTE(Tabla1[[#This Row],[Tiempo producción]]))/60)*$J$1,"") -> 7200 | K168: =IFERROR(Tabla1[[#This Row],[Cantidad producida]]/Tabla1[[#This Row],[Cantidad teórica]],"") -> 0 | M168: =IF(Tabla1[[#This Row],[P/LC/CF/CL]]<>"P",Tabla1[[#This Row],[Hora fin ]]-Tabla1[[#This Row],[Hora inicio]],"") | N168: =IF(Tabla1[[#This Row],[Cantidad producida]]>Tabla1[[#This Row],[Cantidad teórica]],"SI","")
A169: 45814 | B169: 0.55555556 | C169: 0.56597222 | D169: =+IF(Tabla1[[#This Row],[Hora inicio]]<$B$1,"Mañana","Tarde") -> Mañana | E169: CL | F169: =IF(Tabla1[[#This Row],[P/LC/CF/CL]]="P",Tabla1[[#This Row],[Hora fin ]]-Tabla1[[#This Row],[Hora inicio]],"") | G169: =Tabla1[[#This Row],[Hora fin ]]-Tabla1[[#This Row],[Hora inicio]] -> 0.010416667 | H169: =WEEKNUM(Tabla1[[#This Row],[Día]]) -> 23 | J169: =IFERROR(((HOUR(Tabla1[[#This Row],[Tiempo producción]])*60+MINUTE(Tabla1[[#This Row],[Tiempo producción]]))/60)*$J$1,"") | K169: =IFERROR(Tabla1[[#This Row],[Cantidad producida]]/Tabla1[[#This Row],[Cantidad teórica]],"") | M169: =IF(Tabla1[[#This Row],[P/LC/CF/CL]]<>"P",Tabla1[[#This Row],[Hora fin ]]-Tabla1[[#This Row],[Hora inicio]],"") -> 0.010416667 | N169: =IF(Tabla1[[#This Row],[Cantidad producida]]>Tabla1[[#This Row],[Cantidad teórica]],"SI","")
A170: 45814 | B170: 0.56597222 | C170: 0.58333333 | D170: =+IF(Tabla1[[#This Row],[Hora inicio]]<$B$1,"Mañana","Tarde") -> Mañana | E170: P | F170: =IF(Tabla1[[#This Row],[P/LC/CF/CL]]="P",Tabla1[[#This Row],[Hora fin ]]-Tabla1[[#This Row],[Hora inicio]],"") -> 0.017361111 | G170: =Tabla1[[#This Row],[Hora fin ]]-Tabla1[[#This Row],[Hora inicio]] -> 0.017361111 | H170: =WEEKNUM(Tabla1[[#This Row],[Día]]) -> 23 | J170: =IFERROR(((HOUR(Tabla1[[#This Row],[Tiempo producción]])*60+MINUTE(Tabla1[[#This Row],[Tiempo producción]]))/60)*$J$1,"") -> 750 | K170: =IFERROR(Tabla1[[#This Row],[Cantidad producida]]/Tabla1[[#This Row],[Cantidad teórica]],"") -> 0 | M170: =IF(Tabla1[[#This Row],[P/LC/CF/CL]]<>"P",Tabla1[[#This Row],[Hora fin ]]-Tabla1[[#This Row],[Hora inicio]],"") | N170: =IF(Tabla1[[#This Row],[Cantidad producida]]>Tabla1[[#This Row],[Cantidad teórica]],"SI","")
A171: 45814 | B171: 0.59375 | C171: 0.70833333 | D171: Tarde | E171: P | F171: =IF(Tabla1[[#This Row],[P/LC/CF/CL]]="P",Tabla1[[#This Row],[Hora fin ]]-Tabla1[[#This Row],[Hora inicio]],"") -> 0.11458333 | G171: =Tabla1[[#This Row],[Hora fin ]]-Tabla1[[#This Row],[Hora inicio]] -> 0.11458333 | H171: =WEEKNUM(Tabla1[[#This Row],[Día]]) -> 23 | J171: =IFERROR(((HOUR(Tabla1[[#This Row],[Tiempo producción]])*60+MINUTE(Tabla1[[#This Row],[Tiempo producción]]))/60)*$J$1,"") -> 4950 | K171: =IFERROR(Tabla1[[#This Row],[Cantidad producida]]/Tabla1[[#This Row],[Cantidad teórica]],"") -> 0 | M171: =IF(Tabla1[[#This Row],[P/LC/CF/CL]]<>"P",Tabla1[[#This Row],[Hora fin ]]-Tabla1[[#This Row],[Hora inicio]],"") | N171: =IF(Tabla1[[#This Row],[Cantidad producida]]>Tabla1[[#This Row],[Cantidad teórica]],"SI","")
A172: 45814 | B172: 0.825 | C172: 0.83333333 | D172: Tarde | E172: CL | F172: =IF(Tabla1[[#This Row],[P/LC/CF/CL]]="P",Tabla1[[#This Row],[Hora fin ]]-Tabla1[[#This Row],[Hora inicio]],"") | G172: =Tabla1[[#This Row],[Hora fin ]]-Tabla1[[#This Row],[Hora inicio]] -> 0.0083333333 | H172: =WEEKNUM(Tabla1[[#This Row],[Día]]) -> 23 | J172: =IFERROR(((HOUR(Tabla1[[#This Row],[Tiempo producción]])*60+MINUTE(Tabla1[[#This Row],[Tiempo producción]]))/60)*$J$1,"") | K172: =IFERROR(Tabla1[[#This Row],[Cantidad producida]]/Tabla1[[#This Row],[Cantidad teórica]],"") | M172: =IF(Tabla1[[#This Row],[P/LC/CF/CL]]<>"P",Tabla1[[#This Row],[Hora fin ]]-Tabla1[[#This Row],[Hora inicio]],"") -> 0.0083333333 | N172: =IF(Tabla1[[#This Row],[Cantidad producida]]>Tabla1[[#This Row],[Cantidad teórica]],"SI","")
A173: 45814 | B173: 0.83333333 | C173: 0.88194444 | D173: Tarde | E173: P | F173: =IF(Tabla1[[#This Row],[P/LC/CF/CL]]="P",Tabla1[[#This Row],[Hora fin ]]-Tabla1[[#This Row],[Hora inicio]],"") -> 0.048611111 | G173: =Tabla1[[#This Row],[Hora fin ]]-Tabla1[[#This Row],[Hora inicio]] -> 0.048611111 | H173: =WEEKNUM(Tabla1[[#This Row],[Día]]) -> 23 | J173: =IFERROR(((HOUR(Tabla1[[#This Row],[Tiempo producción]])*60+MINUTE(Tabla1[[#This Row],[Tiempo producción]]))/60)*$J$1,"") -> 2100 | K173: =IFERROR(Tabla1[[#This Row],[Cantidad producida]]/Tabla1[[#This Row],[Cantidad teórica]],"") -> 0 | M173: =IF(Tabla1[[#This Row],[P/LC/CF/CL]]<>"P",Tabla1[[#This Row],[Hora fin ]]-Tabla1[[#This Row],[Hora inicio]],"") | N173: =IF(Tabla1[[#This Row],[Cantidad producida]]>Tabla1[[#This Row],[Cantidad teórica]],"SI","")
A174: 45817 | B174: 0.27083333 | C174: 0.82638889 | D174: =+IF(Tabla1[[#This Row],[Hora inicio]]<$B$1,"Mañana","Tarde") -> Mañana | E174: LC | F174: =IF(Tabla1[[#This Row],[P/LC/CF/CL]]="P",Tabla1[[#This Row],[Hora fin ]]-Tabla1[[#This Row],[Hora inicio]],"") | G174: =Tabla1[[#This Row],[Hora fin ]]-Tabla1[[#This Row],[Hora inicio]] -> 0.55555556 | H174: =WEEKNUM(Tabla1[[#This Row],[Día]]) -> 24 | J174: =IFERROR(((HOUR(Tabla1[[#This Row],[Tiempo producción]])*60+MINUTE(Tabla1[[#This Row],[Tiempo producción]]))/60)*$J$1,"") | K174: =IFERROR(Tabla1[[#This Row],[Cantidad producida]]/Tabla1[[#This Row],[Cantidad teórica]],"") | M174: =IF(Tabla1[[#This Row],[P/LC/CF/CL]]<>"P",Tabla1[[#This Row],[Hora fin ]]-Tabla1[[#This Row],[Hora inicio]],"") -> 0.55555556 | N174: =IF(Tabla1[[#This Row],[Cantidad producida]]>Tabla1[[#This Row],[Cantidad teórica]],"SI","")
A175: 45817 | B175: 0.85763889 | C175: 0.91666667 | D175: =+IF(Tabla1[[#This Row],[Hora inicio]]<$B$1,"Mañana","Tarde") -> Tarde | E175: CF | F175: =IF(Tabla1[[#This Row],[P/LC/CF/CL]]="P",Tabla1[[#This Row],[Hora fin ]]-Tabla1[[#This Row],[Hora inicio]],"") | G175: =Tabla1[[#This Row],[Hora fin ]]-Tabla1[[#This Row],[Hora inicio]] -> 0.059027778 | H175: =WEEKNUM(Tabla1[[#This Row],[Día]]) -> 24 | J175: =IFERROR(((HOUR(Tabla1[[#This Row],[Tiempo producción]])*60+MINUTE(Tabla1[[#This Row],[Tiempo producción]]))/60)*$J$1,"") | K175: =IFERROR(Tabla1[[#This Row],[Cantidad producida]]/Tabla1[[#This Row],[Cantidad teórica]],"") | M175: =IF(Tabla1[[#This Row],[P/LC/CF/CL]]<>"P",Tabla1[[#This Row],[Hora fin ]]-Tabla1[[#This Row],[Hora inicio]],"") -> 0.059027778 | N175: =IF(Tabla1[[#This Row],[Cantidad producida]]>Tabla1[[#This Row],[Cantidad teórica]],"SI","")
A176: 45817 | B176: 0.25 | C176: 0.42708333 | D176: =+IF(Tabla1[[#This Row],[Hora inicio]]<$B$1,"Mañana","Tarde") -> Mañana | E176: CF | F176: =IF(Tabla1[[#This Row],[P/LC/CF/CL]]="P",Tabla1[[#This Row],[Hora fin ]]-Tabla1[[#This Row],[Hora inicio]],"") | G176: =Tabla1[[#This Row],[Hora fin ]]-Tabla1[[#This Row],[Hora inicio]] -> 0.17708333 | H176: =WEEKNUM(Tabla1[[#This Row],[Día]]) -> 24 | J176: =IFERROR(((HOUR(Tabla1[[#This Row],[Tiempo producción]])*60+MINUTE(Tabla1[[#This Row],[Tiempo producción]]))/60)*$J$1,"") | K176: =IFERROR(Tabla1[[#This Row],[Cantidad producida]]/Tabla1[[#This Row],[Cantidad teórica]],"") | M176: =IF(Tabla1[[#This Row],[P/LC/CF/CL]]<>"P",Tabla1[[#This Row],[Hora fin ]]-Tabla1[[#This Row],[Hora inicio]],"") -> 0.17708333 | N176: =IF(Tabla1[[#This Row],[Cantidad producida]]>Tabla1[[#This Row],[Cantidad teórica]],"SI","")
A177: 45818 | B177: 0.45138889 | C177: 0.58333333 | D177: =+IF(Tabla1[[#This Row],[Hora inicio]]<$B$1,"Mañana","Tarde") -> Mañana | E177: P | F177: =IF(Tabla1[[#This Row],[P/LC/CF/CL]]="P",Tabla1[[#This Row],[Hora fin ]]-Tabla1[[#This Row],[Hora inicio]],"") -> 0.13194444 | G177: =Tabla1[[#This Row],[Hora fin ]]-Tabla1[[#This Row],[Hora inicio]] -> 0.13194444 | H177: =WEEKNUM(Tabla1[[#This Row],[Día]]) -> 24 | J177: =IFERROR(((HOUR(Tabla1[[#This Row],[Tiempo producción]])*60+MINUTE(Tabla1[[#This Row],[Tiempo producción]]))/60)*$J$1,"") -> 5700 | K177: =IFERROR(Tabla1[[#This Row],[Cantidad producida]]/Tabla1[[#This Row],[Cantidad teórica]],"") -> 0 | M177: =IF(Tabla1[[#This Row],[P/LC/CF/CL]]<>"P",Tabla1[[#This Row],[Hora fin ]]-Tabla1[[#This Row],[Hora inicio]],"") | N177: =IF(Tabla1[[#This Row],[Cantidad producida]]>Tabla1[[#This Row],[Cantidad teórica]],"SI","")
A178: 45818 | B178: 0.59722222 | C178: 0.71527778 | D178: =+IF(Tabla1[[#This Row],[Hora inicio]]<$B$1,"Mañana","Tarde") -> Tarde | E178: P | F178: =IF(Tabla1[[#This Row],[P/LC/CF/CL]]="P",Tabla1[[#This Row],[Hora fin ]]-Tabla1[[#This Row],[Hora inicio]],"") -> 0.11805556 | G178: =Tabla1[[#This Row],[Hora fin ]]-Tabla1[[#This Row],[Hora inicio]] -> 0.11805556 | H178: =WEEKNUM(Tabla1[[#This Row],[Día]]) -> 24 | J178: =IFERROR(((HOUR(Tabla1[[#This Row],[Tiempo producción]])*60+MINUTE(Tabla1[[#This Row],[Tiempo producción]]))/60)*$J$1,"") -> 5100 | K178: =IFERROR(Tabla1[[#This Row],[Cantidad producida]]/Tabla1[[#This Row],[Cantidad teórica]],"") -> 0 | M178: =IF(Tabla1[[#This Row],[P/LC/CF/CL]]<>"P",Tabla1[[#This Row],[Hora fin ]]-Tabla1[[#This Row],[Hora inicio]],"") | N178: =IF(Tabla1[[#This Row],[Cantidad producida]]>Tabla1[[#This Row],[Cantidad teórica]],"SI","")
A179: 45818 | B179: 0.71527778 | C179: 0.72916667 | D179: Tarde | E179: CL | F179: =IF(Tabla1[[#This Row],[P/LC/CF/CL]]="P",Tabla1[[#This Row],[Hora fin ]]-Tabla1[[#This Row],[Hora inicio]],"") | G179: =Tabla1[[#This Row],[Hora fin ]]-Tabla1[[#This Row],[Hora inicio]] -> 0.013888889 | H179: =WEEKNUM(Tabla1[[#This Row],[Día]]) -> 24 | J179: =IFERROR(((HOUR(Tabla1[[#This Row],[Tiempo producción]])*60+MINUTE(Tabla1[[#This Row],[Tiempo producción]]))/60)*$J$1,"") | K179: =IFERROR(Tabla1[[#This Row],[Cantidad producida]]/Tabla1[[#This Row],[Cantidad teórica]],"") | M179: =IF(Tabla1[[#This Row],[P/LC/CF/CL]]<>"P",Tabla1[[#This Row],[Hora fin ]]-Tabla1[[#This Row],[Hora inicio]],"") -> 0.013888889 | N179: =IF(Tabla1[[#This Row],[Cantidad producida]]>Tabla1[[#This Row],[Cantidad teórica]],"SI","")
A180: 45818 | B180: 0.76736111 | C180: 0.88194444 | D180: Tarde | E180: P | F180: =IF(Tabla1[[#This Row],[P/LC/CF/CL]]="P",Tabla1[[#This Row],[Hora fin ]]-Tabla1[[#This Row],[Hora inicio]],"") -> 0.11458333 | G180: =Tabla1[[#This Row],[Hora fin ]]-Tabla1[[#This Row],[Hora inicio]] -> 0.11458333 | H180: =WEEKNUM(Tabla1[[#This Row],[Día]]) -> 24 | J180: =IFERROR(((HOUR(Tabla1[[#This Row],[Tiempo producción]])*60+MINUTE(Tabla1[[#This Row],[Tiempo producción]]))/60)*$J$1,"") -> 4950 | K180: =IFERROR(Tabla1[[#This Row],[Cantidad producida]]/Tabla1[[#This Row],[Cantidad teórica]],"") -> 0 | M180: =IF(Tabla1[[#This Row],[P/LC/CF/CL]]<>"P",Tabla1[[#This Row],[Hora fin ]]-Tabla1[[#This Row],[Hora inicio]],"") | N180: =IF(Tabla1[[#This Row],[Cantidad producida]]>Tabla1[[#This Row],[Cantidad teórica]],"SI","")
A181: 45819 | B181: 0.25347222 | C181: 0.27083333 | D181: =+IF(Tabla1[[#This Row],[Hora inicio]]<$B$1,"Mañana","Tarde") -> Mañana | E181: CL | F181: =IF(Tabla1[[#This Row],[P/LC/CF/CL]]="P",Tabla1[[#This Row],[Hora fin ]]-Tabla1[[#This Row],[Hora inicio]],"") | G181: =Tabla1[[#This Row],[Hora fin ]]-Tabla1[[#This Row],[Hora inicio]] -> 0.017361111 | H181: =WEEKNUM(Tabla1[[#This Row],[Día]]) -> 24 | J181: =IFERROR(((HOUR(Tabla1[[#This Row],[Tiempo producción]])*60+MINUTE(Tabla1[[#This Row],[Tiempo producción]]))/60)*$J$1,"") | K181: =IFERROR(Tabla1[[#This Row],[Cantidad producida]]/Tabla1[[#This Row],[Cantidad teórica]],"") | M181: =IF(Tabla1[[#This Row],[P/LC/CF/CL]]<>"P",Tabla1[[#This Row],[Hora fin ]]-Tabla1[[#This Row],[Hora inicio]],"") -> 0.017361111 | N181: =IF(Tabla1[[#This Row],[Cantidad producida]]>Tabla1[[#This Row],[Cantidad teórica]],"SI","")
A182: 45819 | B182: 0.27083333 | C182: 0.50694444 | D182: =+IF(Tabla1[[#This Row],[Hora inicio]]<$B$1,"Mañana","Tarde") -> Mañana | E182: P | F182: =IF(Tabla1[[#This Row],[P/LC/CF/CL]]="P",Tabla1[[#This Row],[Hora fin ]]-Tabla1[[#This Row],[Hora inicio]],"") -> 0.23611111 | G182: =Tabla1[[#This Row],[Hora fin ]]-Tabla1[[#This Row],[Hora inicio]] -> 0.23611111 | H182: =WEEKNUM(Tabla1[[#This Row],[Día]]) -> 24 | J182: =IFERROR(((HOUR(Tabla1[[#This Row],[Tiempo producción]])*60+MINUTE(Tabla1[[#This Row],[Tiempo producción]]))/60)*$J$1,"") -> 10200 | K182: =IFERROR(Tabla1[[#This Row],[Cantidad producida]]/Tabla1[[#This Row],[Cantidad teórica]],"") -> 0 | M182: =IF(Tabla1[[#This Row],[P/LC/CF/CL]]<>"P",Tabla1[[#This Row],[Hora fin ]]-Tabla1[[#This Row],[Hora inicio]],"") | N182: =IF(Tabla1[[#This Row],[Cantidad producida]]>Tabla1[[#This Row],[Cantidad teórica]],"SI","")
A183: 45819 | B183: 0.51041667 | C183: 0.58333333 | D183: =+IF(Tabla1[[#This Row],[Hora inicio]]<$B$1,"Mañana","Tarde") -> Mañana | E183: CL | F183: =IF(Tabla1[[#This Row],[P/LC/CF/CL]]="P",Tabla1[[#This Row],[Hora fin ]]-Tabla1[[#This Row],[Hora inicio]],"") | G183: =Tabla1[[#This Row],[Hora fin ]]-Tabla1[[#This Row],[Hora inicio]] -> 0.072916667 | H183: =WEEKNUM(Tabla1[[#This Row],[Día]]) -> 24 | J183: =IFERROR(((HOUR(Tabla1[[#This Row],[Tiempo producción]])*60+MINUTE(Tabla1[[#This Row],[Tiempo producción]]))/60)*$J$1,"") | K183: =IFERROR(Tabla1[[#This Row],[Cantidad producida]]/Tabla1[[#This Row],[Cantidad teórica]],"") | M183: =IF(Tabla1[[#This Row],[P/LC/CF/CL]]<>"P",Tabla1[[#This Row],[Hora fin ]]-Tabla1[[#This Row],[Hora inicio]],"") -> 0.072916667 | N183: =IF(Tabla1[[#This Row],[Cantidad producida]]>Tabla1[[#This Row],[Cantidad teórica]],"SI","")
A184: 45819 | B184: 0.59027778 | C184: 0.84027778 | D184: =+IF(Tabla1[[#This Row],[Hora inicio]]<$B$1,"Mañana","Tarde") -> Tarde | E184: P | F184: =IF(Tabla1[[#This Row],[P/LC/CF/CL]]="P",Tabla1[[#This Row],[Hora fin ]]-Tabla1[[#This Row],[Hora inicio]],"") -> 0.25 | G184: =Tabla1[[#This Row],[Hora fin ]]-Tabla1[[#This Row],[Hora inicio]] -> 0.25 | H184: =WEEKNUM(Tabla1[[#This Row],[Día]]) -> 24 | J184: =IFERROR(((HOUR(Tabla1[[#This Row],[Tiempo producción]])*60+MINUTE(Tabla1[[#This Row],[Tiempo producción]]))/60)*$J$1,"") -> 10800 | K184: =IFERROR(Tabla1[[#This Row],[Cantidad producida]]/Tabla1[[#This Row],[Cantidad teórica]],"") -> 0 | M184: =IF(Tabla1[[#This Row],[P/LC/CF/CL]]<>"P",Tabla1[[#This Row],[Hora fin ]]-Tabla1[[#This Row],[Hora inicio]],"") | N184: =IF(Tabla1[[#This Row],[Cantidad producida]]>Tabla1[[#This Row],[Cantidad teórica]],"SI","")
A185: 45820 | B185: 0.26041667 | C185: 0.28125 | D185: =+IF(Tabla1[[#This Row],[Hora inicio]]<$B$1,"Mañana","Tarde") -> Mañana | E185: CL | F185: =IF(Tabla1[[#This Row],[P/LC/CF/CL]]="P",Tabla1[[#This Row],[Hora fin ]]-Tabla1[[#This Row],[Hora inicio]],"") | G185: =Tabla1[[#This Row],[Hora fin ]]-Tabla1[[#This Row],[Hora inicio]] -> 0.020833333 | H185: =WEEKNUM(Tabla1[[#This Row],[Día]]) -> 24 | J185: =IFERROR(((HOUR(Tabla1[[#This Row],[Tiempo producción]])*60+MINUTE(Tabla1[[#This Row],[Tiempo producción]]))/60)*$J$1,"") | K185: =IFERROR(Tabla1[[#This Row],[Cantidad producida]]/Tabla1[[#This Row],[Cantidad teórica]],"") | M185: =IF(Tabla1[[#This Row],[P/LC/CF/CL]]<>"P",Tabla1[[#This Row],[Hora fin ]]-Tabla1[[#This Row],[Hora inicio]],"") -> 0.020833333 | N185: =IF(Tabla1[[#This Row],[Cantidad producida]]>Tabla1[[#This Row],[Cantidad teórica]],"SI","")
A186: 45820 | B186: 0.28125 | C186: 0.51388889 | D186: =+IF(Tabla1[[#This Row],[Hora inicio]]<$B$1,"Mañana","Tarde") -> Mañana | E186: P | F186: =IF(Tabla1[[#This Row],[P/LC/CF/CL]]="P",Tabla1[[#This Row],[Hora fin ]]-Tabla1[[#This Row],[Hora inicio]],"") -> 0.23263889 | G186: =Tabla1[[#This Row],[Hora fin ]]-Tabla1[[#This Row],[Hora inicio]] -> 0.23263889 | H186: =WEEKNUM(Tabla1[[#This Row],[Día]]) -> 24 | J186: =IFERROR(((HOUR(Tabla1[[#This Row],[Tiempo producción]])*60+MINUTE(Tabla1[[#This Row],[Tiempo producción]]))/60)*$J$1,"") -> 10050 | K186: =IFERROR(Tabla1[[#This Row],[Cantidad producida]]/Tabla1[[#This Row],[Cantidad teórica]],"") -> 0 | M186: =IF(Tabla1[[#This Row],[P/LC/CF/CL]]<>"P",Tabla1[[#This Row],[Hora fin ]]-Tabla1[[#This Row],[Hora inicio]],"") | N186: =IF(Tabla1[[#This Row],[Cantidad producida]]>Tabla1[[#This Row],[Cantidad teórica]],"SI","")
A187: 45820 | B187: 0.54513889 | C187: 0.55694444 | D187: =+IF(Tabla1[[#This Row],[Hora inicio]]<$B$1,"Mañana","Tarde") -> Mañana | E187: CL | F187: =IF(Tabla1[[#This Row],[P/LC/CF/CL]]="P",Tabla1[[#This Row],[Hora fin ]]-Tabla1[[#This Row],[Hora inicio]],"") | G187: =Tabla1[[#This Row],[Hora fin ]]-Tabla1[[#This Row],[Hora inicio]] -> 0.011805556 | H187: =WEEKNUM(Tabla1[[#This Row],[Día]]) -> 24 | J187: =IFERROR(((HOUR(Tabla1[[#This Row],[Tiempo producción]])*60+MINUTE(Tabla1[[#This Row],[Tiempo producción]]))/60)*$J$1,"") | K187: =IFERROR(Tabla1[[#This Row],[Cantidad producida]]/Tabla1[[#This Row],[Cantidad teórica]],"") | M187: =IF(Tabla1[[#This Row],[P/LC/CF/CL]]<>"P",Tabla1[[#This Row],[Hora fin ]]-Tabla1[[#This Row],[Hora inicio]],"") -> 0.011805556 | N187: =IF(Tabla1[[#This Row],[Cantidad producida]]>Tabla1[[#This Row],[Cantidad teórica]],"SI","")
A188: 45820 | B188: 0.55694444 | C188: 0.58333333 | D188: =+IF(Tabla1[[#This Row],[Hora inicio]]<$B$1,"Mañana","Tarde") -> Mañana | E188: P | F188: =IF(Tabla1[[#This Row],[P/LC/CF/CL]]="P",Tabla1[[#This Row],[Hora fin ]]-Tabla1[[#This Row],[Hora inicio]],"") -> 0.026388889 | G188: =Tabla1[[#This Row],[Hora fin ]]-Tabla1[[#This Row],[Hora inicio]] -> 0.026388889 | H188: =WEEKNUM(Tabla1[[#This Row],[Día]]) -> 24 | J188: =IFERROR(((HOUR(Tabla1[[#This Row],[Tiempo producción]])*60+MINUTE(Tabla1[[#This Row],[Tiempo producción]]))/60)*$J$1,"") -> 1140 | K188: =IFERROR(Tabla1[[#This Row],[Cantidad producida]]/Tabla1[[#This Row],[Cantidad teórica]],"") -> 0 | M188: =IF(Tabla1[[#This Row],[P/LC/CF/CL]]<>"P",Tabla1[[#This Row],[Hora fin ]]-Tabla1[[#This Row],[Hora inicio]],"") | N188: =IF(Tabla1[[#This Row],[Cantidad producida]]>Tabla1[[#This Row],[Cantidad teórica]],"SI","")
A189: 45820 | B189: 0.59027778 | C189: 0.81597222 | D189: =+IF(Tabla1[[#This Row],[Hora inicio]]<$B$1,"Mañana","Tarde") -> Tarde | E189: P | F189: =IF(Tabla1[[#This Row],[P/LC/CF/CL]]="P",Tabla1[[#This Row],[Hora fin ]]-Tabla1[[#This Row],[Hora inicio]],"") -> 0.22569444 | G189: =Tabla1[[#This Row],[Hora fin ]]-Tabla1[[#This Row],[Hora inicio]] -> 0.22569444 | H189: =WEEKNUM(Tabla1[[#This Row],[Día]]) -> 24 | J189: =IFERROR(((HOUR(Tabla1[[#This Row],[Tiempo producción]])*60+MINUTE(Tabla1[[#This Row],[Tiempo producción]]))/60)*$J$1,"") -> 9750 | K189: =IFERROR(Tabla1[[#This Row],[Cantidad producida]]/Tabla1[[#This Row],[Cantidad teórica]],"") -> 0 | M189: =IF(Tabla1[[#This Row],[P/LC/CF/CL]]<>"P",Tabla1[[#This Row],[Hora fin ]]-Tabla1[[#This Row],[Hora inicio]],"") | N189: =IF(Tabla1[[#This Row],[Cantidad producida]]>Tabla1[[#This Row],[Cantidad teórica]],"SI","")
A190: 45825 | B190: 0.38541667 | C190: 0.54166667 | D190: =+IF(Tabla1[[#This Row],[Hora inicio]]<$B$1,"Mañana","Tarde") -> Mañana | E190: CF | F190: =IF(Tabla1[[#This Row],[P/LC/CF/CL]]="P",Tabla1[[#This Row],[Hora fin ]]-Tabla1[[#This Row],[Hora inicio]],"") | G190: =Tabla1[[#This Row],[Hora fin ]]-Tabla1[[#This Row],[Hora inicio]] -> 0.15625 | H190: =WEEKNUM(Tabla1[[#This Row],[Día]]) -> 25 | J190: =IFERROR(((HOUR(Tabla1[[#This Row],[Tiempo producción]])*60+MINUTE(Tabla1[[#This Row],[Tiempo producción]]))/60)*$J$1,"") | K190: =IFERROR(Tabla1[[#This Row],[Cantidad producida]]/Tabla1[[#This Row],[Cantidad teórica]],"") | M190: =IF(Tabla1[[#This Row],[P/LC/CF/CL]]<>"P",Tabla1[[#This Row],[Hora fin ]]-Tabla1[[#This Row],[Hora inicio]],"") -> 0.15625 | N190: =IF(Tabla1[[#This Row],[Cantidad producida]]>Tabla1[[#This Row],[Cantidad teórica]],"SI","")
A191: 45825 | B191: 0.61458333 | C191: 0.82291667 | D191: =+IF(Tabla1[[#This Row],[Hora inicio]]<$B$1,"Mañana","Tarde") -> Tarde | E191: P | F191: =IF(Tabla1[[#This Row],[P/LC/CF/CL]]="P",Tabla1[[#This Row],[Hora fin ]]-Tabla1[[#This Row],[Hora inicio]],"") -> 0.20833333 | G191: =Tabla1[[#This Row],[Hora fin ]]-Tabla1[[#This Row],[Hora inicio]] -> 0.20833333 | H191: =WEEKNUM(Tabla1[[#This Row],[Día]]) -> 25 | J191: =IFERROR(((HOUR(Tabla1[[#This Row],[Tiempo producción]])*60+MINUTE(Tabla1[[#This Row],[Tiempo producción]]))/60)*$J$1,"") -> 9000 | K191: =IFERROR(Tabla1[[#This Row],[Cantidad producida]]/Tabla1[[#This Row],[Cantidad teórica]],"") -> 0 | M191: =IF(Tabla1[[#This Row],[P/LC/CF/CL]]<>"P",Tabla1[[#This Row],[Hora fin ]]-Tabla1[[#This Row],[Hora inicio]],"") | N191: =IF(Tabla1[[#This Row],[Cantidad producida]]>Tabla1[[#This Row],[Cantidad teórica]],"SI","")
A192: 45826 | B192: 0.29166667 | C192: 0.32291667 | D192: =+IF(Tabla1[[#This Row],[Hora inicio]]<$B$1,"Mañana","Tarde") -> Mañana | E192: P | F192: =IF(Tabla1[[#This Row],[P/LC/CF/CL]]="P",Tabla1[[#This Row],[Hora fin ]]-Tabla1[[#This Row],[Hora inicio]],"") -> 0.03125 | G192: =Tabla1[[#This Row],[Hora fin ]]-Tabla1[[#This Row],[Hora inicio]] -> 0.03125 | H192: =WEEKNUM(Tabla1[[#This Row],[Día]]) -> 25 | J192: =IFERROR(((HOUR(Tabla1[[#This Row],[Tiempo producción]])*60+MINUTE(Tabla1[[#This Row],[Tiempo producción]]))/60)*$J$1,"") -> 1350 | K192: =IFERROR(Tabla1[[#This Row],[Cantidad producida]]/Tabla1[[#This Row],[Cantidad teórica]],"") -> 0 | M192: =IF(Tabla1[[#This Row],[P/LC/CF/CL]]<>"P",Tabla1[[#This Row],[Hora fin ]]-Tabla1[[#This Row],[Hora inicio]],"") | N192: =IF(Tabla1[[#This Row],[Cantidad producida]]>Tabla1[[#This Row],[Cantidad teórica]],"SI","")
... A198: 45828 | B198: 0.59722222 | C198: 0.71875 | D198: =+IF(Tabla1[[#This Row],[Hora inicio]]<$B$1,"Mañana","Tarde") -> Tarde | E198: CF | F198: =IF(Tabla1[[#This Row],[P/LC/CF/CL]]="P",Tabla1[[#This Row],[Hora fin ]]-Tabla1[[#This Row],[Hora inicio]],"") | G198: =Tabla1[[#This Row],[Hora fin ]]-Tabla1[[#This Row],[Hora inicio]] -> 0.12152778 | H198: =WEEKNUM(Tabla1[[#This Row],[Día]]) -> 25 | J198: =IFERROR(((HOUR(Tabla1[[#This Row],[Tiempo producción]])*60+MINUTE(Tabla1[[#This Row],[Tiempo producción]]))/60)*$J$1,"") | K198: =IFERROR(Tabla1[[#This Row],[Cantidad producida]]/Tabla1[[#This Row],[Cantidad teórica]],"") | M198: =IF(Tabla1[[#This Row],[P/LC/CF/CL]]<>"P",Tabla1[[#This Row],[Hora fin ]]-Tabla1[[#This Row],[Hora inicio]],"") -> 0.12152778 | N198: =IF(Tabla1[[#This Row],[Cantidad producida]]>Tabla1[[#This Row],[Cantidad teórica]],"SI","")
A199: 45833 | B199: 0.33333333 | C199: 0.56944444 | D199: =+IF(Tabla1[[#This Row],[Hora inicio]]<$B$1,"Mañana","Tarde") -> Mañana | E199: P | F199: =IF(Tabla1[[#This Row],[P/LC/CF/CL]]="P",Tabla1[[#This Row],[Hora fin ]]-Tabla1[[#This Row],[Hora inicio]],"") -> 0.23611111 | G199: =Tabla1[[#This Row],[Hora fin ]]-Tabla1[[#This Row],[Hora inicio]] -> 0.23611111 | H199: =WEEKNUM(Tabla1[[#This Row],[Día]]) -> 26 | I199: 3924 | J199: =IFERROR(((HOUR(Tabla1[[#This Row],[Tiempo producción]])*60+MINUTE(Tabla1[[#This Row],[Tiempo producción]]))/60)*$J$1,"") -> 10200 | K199: =IFERROR(Tabla1[[#This Row],[Cantidad producida]]/Tabla1[[#This Row],[Cantidad teórica]],"") -> 0.38470588 | L199: 1H DE PARO | M199: =IF(Tabla1[[#This Row],[P/LC/CF/CL]]<>"P",Tabla1[[#This Row],[Hora fin ]]-Tabla1[[#This Row],[Hora inicio]],"") | N199: =IF(Tabla1[[#This Row],[Cantidad producida]]>Tabla1[[#This Row],[Cantidad teórica]],"SI","")
A200: 45833 | B200: 0.59375 | C200: 0.89583333 | D200: =+IF(Tabla1[[#This Row],[Hora inicio]]<$B$1,"Mañana","Tarde") -> Tarde | E200: P | F200: =IF(Tabla1[[#This Row],[P/LC/CF/CL]]="P",Tabla1[[#This Row],[Hora fin ]]-Tabla1[[#This Row],[Hora inicio]],"") -> 0.30208333 | G200: =Tabla1[[#This Row],[Hora fin ]]-Tabla1[[#This Row],[Hora inicio]] -> 0.30208333 | H200: =WEEKNUM(Tabla1[[#This Row],[Día]]) -> 26 | I200: 5658 | J200: =IFERROR(((HOUR(Tabla1[[#This Row],[Tiempo producción]])*60+MINUTE(Tabla1[[#This Row],[Tiempo producción]]))/60)*$J$1,"") -> 13050 | K200: =IFERROR(Tabla1[[#This Row],[Cantidad producida]]/Tabla1[[#This Row],[Cantidad teórica]],"") -> 0.43356322 | M200: =IF(Tabla1[[#This Row],[P/LC/CF/CL]]<>"P",Tabla1[[#This Row],[Hora fin ]]-Tabla1[[#This Row],[Hora inicio]],"") | N200: =IF(Tabla1[[#This Row],[Cantidad producida]]>Tabla1[[#This Row],[Cantidad teórica]],"SI","")
A201: 45834 | B201: 0.27083333 | C201: 0.31944444 | D201: =+IF(Tabla1[[#This Row],[Hora inicio]]<$B$1,"Mañana","Tarde") -> Mañana | E201: P | F201: =IF(Tabla1[[#This Row],[P/LC/CF/CL]]="P",Tabla1[[#This Row],[Hora fin ]]-Tabla1[[#This Row],[Hora inicio]],"") -> 0.048611111 | G201: =Tabla1[[#This Row],[Hora fin ]]-Tabla1[[#This Row],[Hora inicio]] -> 0.048611111 | H201: =WEEKNUM(Tabla1[[#This Row],[Día]]) -> 26 | I201: 822 | J201: =IFERROR(((HOUR(Tabla1[[#This Row],[Tiempo producción]])*60+MINUTE(Tabla1[[#This Row],[Tiempo producción]]))/60)*$J$1,"") -> 2100 | K201: =IFERROR(Tabla1[[#This Row],[Cantidad producida]]/Tabla1[[#This Row],[Cantidad teórica]],"") -> 0.39142857 | M201: =IF(Tabla1[[#This Row],[P/LC/CF/CL]]<>"P",Tabla1[[#This Row],[Hora fin ]]-Tabla1[[#This Row],[Hora inicio]],"") | N201: =IF(Tabla1[[#This Row],[Cantidad producida]]>Tabla1[[#This Row],[Cantidad teórica]],"SI","")
A202: 45834 | B202: 0.31944444 | C202: 0.34722222 | D202: =+IF(Tabla1[[#This Row],[Hora inicio]]<$B$1,"Mañana","Tarde") -> Mañana | E202: CL | F202: =IF(Tabla1[[#This Row],[P/LC/CF/CL]]="P",Tabla1[[#This Row],[Hora fin ]]-Tabla1[[#This Row],[Hora inicio]],"") | G202: =Tabla1[[#This Row],[Hora fin ]]-Tabla1[[#This Row],[Hora inicio]] -> 0.027777778 | H202: =WEEKNUM(Tabla1[[#This Row],[Día]]) -> 26 | J202: =IFERROR(((HOUR(Tabla1[[#This Row],[Tiempo producción]])*60+MINUTE(Tabla1[[#This Row],[Tiempo producción]]))/60)*$J$1,"") | K202: =IFERROR(Tabla1[[#This Row],[Cantidad producida]]/Tabla1[[#This Row],[Cantidad teórica]],"") | M202: =IF(Tabla1[[#This Row],[P/LC/CF/CL]]<>"P",Tabla1[[#This Row],[Hora fin ]]-Tabla1[[#This Row],[Hora inicio]],"") -> 0.027777778 | N202: =IF(Tabla1[[#This Row],[Cantidad producida]]>Tabla1[[#This Row],[Cantidad teórica]],"SI","")
...

Sheet OEE
D1: 1800 | F1: 0.625
A2: Fecha | B2: Horas | C2: Cantidad producida | D2: Cantidad teórica | E2: Rendimiento | F2: Disponibilidad | G2: Fallo calculo disponibilidad | H2: LC | I2: OEE | J2: Semana | K2: grafic rend
A3: 45684 | B3: =SUMIFS('paradas-disp'!F:F,'paradas-disp'!A:A,Tabla3[[#This Row],[Fecha]]) -> 0 | D3: =IF(Tabla3[[#This Row],[Fecha]]<53,"",IFERROR(((HOUR(Tabla3[[#This Row],[Horas]])*60+MINUTE(Tabla3[[#This Row],[Horas]]))/60)*$D$1,"")) -> 0 | E3: =IFERROR(Tabla3[[#This Row],[Cantidad producida]]/Tabla3[[#This Row],[Cantidad teórica]],"") | F3: =IF(Tabla3[[#This Row],[Fecha]]<53,"",IFERROR(Tabla3[[#This Row],[Horas]]/$F$1,"")) -> 0 | G3: =IF(Tabla3[[#This Row],[Disponibilidad]]="","",IF(Tabla3[[#This Row],[Disponibilidad]]>1,"NO","")) | H3: =IFERROR(IF(VLOOKUP(Tabla3[[#This Row],[Fecha]],Tabla1[[Día]:[P/LC/CF/CL]],5,FALSE)="LC","SI",""),"") | I3: =IFERROR(Tabla3[[#This Row],[Disponibilidad]]*Tabla3[[#This Row],[Rendimiento]], IF(Tabla3[[#This Row],[LC]]="SI", 0, "No")) -> No | J3: =IF(Tabla3[[#This Row],[OEE]]="No","",WEEKNUM(Tabla3[[#This Row],[Fecha]])) | K3: =IFERROR(IF(Tabla3[[#This Row],[OEE]]<>"No",Tabla3[[#This Row],[OEE]]/Tabla3[[#This Row],[Disponibilidad]],""),0)
A4: 45685 | B4: =SUMIFS('paradas-disp'!F:F,'paradas-disp'!A:A,Tabla3[[#This Row],[Fecha]]) -> 0 | D4: =IF(Tabla3[[#This Row],[Fecha]]<53,"",IFERROR(((HOUR(Tabla3[[#This Row],[Horas]])*60+MINUTE(Tabla3[[#This Row],[Horas]]))/60)*$D$1,"")) -> 0 | E4: =IFERROR(Tabla3[[#This Row],[Cantidad producida]]/Tabla3[[#This Row],[Cantidad teórica]],"") | F4: =IF(Tabla3[[#This Row],[Fecha]]<53,"",IFERROR(Tabla3[[#This Row],[Horas]]/$F$1,"")) -> 0 | G4: =IF(Tabla3[[#This Row],[Disponibilidad]]="","",IF(Tabla3[[#This Row],[Disponibilidad]]>1,"NO","")) | H4: =IFERROR(IF(VLOOKUP(Tabla3[[#This Row],[Fecha]],Tabla1[[Día]:[P/LC/CF/CL]],5,FALSE)="LC","SI",""),"") | I4: =IFERROR(Tabla3[[#This Row],[Disponibilidad]]*Tabla3[[#This Row],[Rendimiento]], IF(Tabla3[[#This Row],[LC]]="SI", 0, "No")) -> No | J4: =IF(Tabla3[[#This Row],[OEE]]="No","",WEEKNUM(Tabla3[[#This Row],[Fecha]])) | K4: =IFERROR(IF(Tabla3[[#This Row],[OEE]]<>"No",Tabla3[[#This Row],[OEE]]/Tabla3[[#This Row],[Disponibilidad]],""),0)
A5: 45686 | B5: =SUMIFS('paradas-disp'!F:F,'paradas-disp'!A:A,Tabla3[[#This Row],[Fecha]]) -> 0 | D5: =IF(Tabla3[[#This Row],[Fecha]]<53,"",IFERROR(((HOUR(Tabla3[[#This Row],[Horas]])*60+MINUTE(Tabla3[[#This Row],[Horas]]))/60)*$D$1,"")) -> 0 | E5: =IFERROR(Tabla3[[#This Row],[Cantidad producida]]/Tabla3[[#This Row],[Cantidad teórica]],"") | F5: =IF(Tabla3[[#This Row],[Fecha]]<53,"",IFERROR(Tabla3[[#This Row],[Horas]]/$F$1,"")) -> 0 | G5: =IF(Tabla3[[#This Row],[Disponibilidad]]="","",IF(Tabla3[[#This Row],[Disponibilidad]]>1,"NO","")) | H5: =IFERROR(IF(VLOOKUP(Tabla3[[#This Row],[Fecha]],Tabla1[[Día]:[P/LC/CF/CL]],5,FALSE)="LC","SI",""),"") | I5: =IFERROR(Tabla3[[#This Row],[Disponibilidad]]*Tabla3[[#This Row],[Rendimiento]], IF(Tabla3[[#This Row],[LC]]="SI", 0, "No")) -> No | J5: =IF(Tabla3[[#This Row],[OEE]]="No","",WEEKNUM(Tabla3[[#This Row],[Fecha]])) | K5: =IFERROR(IF(Tabla3[[#This Row],[OEE]]<>"No",Tabla3[[#This Row],[OEE]]/Tabla3[[#This Row],[Disponibilidad]],""),0)
A6: 45687 | B6: =SUMIFS('paradas-disp'!F:F,'paradas-disp'!A:A,Tabla3[[#This Row],[Fecha]]) -> 0 | D6: =IF(Tabla3[[#This Row],[Fecha]]<53,"",IFERROR(((HOUR(Tabla3[[#This Row],[Horas]])*60+MINUTE(Tabla3[[#This Row],[Horas]]))/60)*$D$1,"")) -> 0 | E6: =IFERROR(Tabla3[[#This Row],[Cantidad producida]]/Tabla3[[#This Row],[Cantidad teórica]],"") | F6: =IF(Tabla3[[#This Row],[Fecha]]<53,"",IFERROR(Tabla3[[#This Row],[Horas]]/$F$1,"")) -> 0 | G6: =IF(Tabla3[[#This Row],[Disponibilidad]]="","",IF(Tabla3[[#This Row],[Disponibilidad]]>1,"NO","")) | H6: =IFERROR(IF(VLOOKUP(Tabla3[[#This Row],[Fecha]],Tabla1[[Día]:[P/LC/CF/CL]],5,FALSE)="LC","SI",""),"") | I6: =IFERROR(Tabla3[[#This Row],[Disponibilidad]]*Tabla3[[#This Row],[Rendimiento]], IF(Tabla3[[#This Row],[LC]]="SI", 0, "No")) -> No | J6: =IF(Tabla3[[#This Row],[OEE]]="No","",WEEKNUM(Tabla3[[#This Row],[Fecha]])) | K6: =IFERROR(IF(Tabla3[[#This Row],[OEE]]<>"No",Tabla3[[#This Row],[OEE]]/Tabla3[[#This Row],[Disponibilidad]],""),0)
A7: 45688 | B7: =SUMIFS('paradas-disp'!F:F,'paradas-disp'!A:A,Tabla3[[#This Row],[Fecha]]) -> 0 | D7: =IF(Tabla3[[#This Row],[Fecha]]<53,"",IFERROR(((HOUR(Tabla3[[#This Row],[Horas]])*60+MINUTE(Tabla3[[#This Row],[Horas]]))/60)*$D$1,"")) -> 0 | E7: =IFERROR(Tabla3[[#This Row],[Cantidad producida]]/Tabla3[[#This Row],[Cantidad teórica]],"") | F7: =IF(Tabla3[[#This Row],[Fecha]]<53,"",IFERROR(Tabla3[[#This Row],[Horas]]/$F$1,"")) -> 0 | G7: =IF(Tabla3[[#This Row],[Disponibilidad]]="","",IF(Tabla3[[#This Row],[Disponibilidad]]>1,"NO","")) | H7: =IFERROR(IF(VLOOKUP(Tabla3[[#This Row],[Fecha]],Tabla1[[Día]:[P/LC/CF/CL]],5,FALSE)="LC","SI",""),"") | I7: =IFERROR(Tabla3[[#This Row],[Disponibilidad]]*Tabla3[[#This Row],[Rendimiento]], IF(Tabla3[[#This Row],[LC]]="SI", 0, "No")) -> No | J7: =IF(Tabla3[[#This Row],[OEE]]="No","",WEEKNUM(Tabla3[[#This Row],[Fecha]])) | K7: =IFERROR(IF(Tabla3[[#This Row],[OEE]]<>"No",Tabla3[[#This Row],[OEE]]/Tabla3[[#This Row],[Disponibilidad]],""),0)
A8: 45689 | B8: =SUMIFS('paradas-disp'!F:F,'paradas-disp'!A:A,Tabla3[[#This Row],[Fecha]]) -> 0 | D8: =IF(Tabla3[[#This Row],[Fecha]]<53,"",IFERROR(((HOUR(Tabla3[[#This Row],[Horas]])*60+MINUTE(Tabla3[[#This Row],[Horas]]))/60)*$D$1,"")) -> 0 | E8: =IFERROR(Tabla3[[#This Row],[Cantidad producida]]/Tabla3[[#This Row],[Cantidad teórica]],"") | F8: =IF(Tabla3[[#This Row],[Fecha]]<53,"",IFERROR(Tabla3[[#This Row],[Horas]]/$F$1,"")) -> 0 | G8: =IF(Tabla3[[#This Row],[Disponibilidad]]="","",IF(Tabla3[[#This Row],[Disponibilidad]]>1,"NO","")) | H8: =IFERROR(IF(VLOOKUP(Tabla3[[#This Row],[Fecha]],Tabla1[[Día]:[P/LC/CF/CL]],5,FALSE)="LC","SI",""),"") | I8: =IFERROR(Tabla3[[#This Row],[Disponibilidad]]*Tabla3[[#This Row],[Rendimiento]], IF(Tabla3[[#This Row],[LC]]="SI", 0, "No")) -> No | J8: =IF(Tabla3[[#This Row],[OEE]]="No","",WEEKNUM(Tabla3[[#This Row],[Fecha]])) | K8: =IFERROR(IF(Tabla3[[#This Row],[OEE]]<>"No",Tabla3[[#This Row],[OEE]]/Tabla3[[#This Row],[Disponibilidad]],""),0)
A9: 45690 | B9: =SUMIFS('paradas-disp'!F:F,'paradas-disp'!A:A,Tabla3[[#This Row],[Fecha]]) -> 0 | D9: =IF(Tabla3[[#This Row],[Fecha]]<53,"",IFERROR(((HOUR(Tabla3[[#This Row],[Horas]])*60+MINUTE(Tabla3[[#This Row],[Horas]]))/60)*$D$1,"")) -> 0 | E9: =IFERROR(Tabla3[[#This Row],[Cantidad producida]]/Tabla3[[#This Row],[Cantidad teórica]],"") | F9: =IF(Tabla3[[#This Row],[Fecha]]<53,"",IFERROR(Tabla3[[#This Row],[Horas]]/$F$1,"")) -> 0 | G9: =IF(Tabla3[[#This Row],[Disponibilidad]]="","",IF(Tabla3[[#This Row],[Disponibilidad]]>1,"NO","")) | H9: =IFERROR(IF(VLOOKUP(Tabla3[[#This Row],[Fecha]],Tabla1[[Día]:[P/LC/CF/CL]],5,FALSE)="LC","SI",""),"") | I9: =IFERROR(Tabla3[[#This Row],[Disponibilidad]]*Tabla3[[#This Row],[Rendimiento]], IF(Tabla3[[#This Row],[LC]]="SI", 0, "No")) -> No | J9: =IF(Tabla3[[#This Row],[OEE]]="No","",WEEKNUM(Tabla3[[#This Row],[Fecha]])) | K9: =IFERROR(IF(Tabla3[[#This Row],[OEE]]<>"No",Tabla3[[#This Row],[OEE]]/Tabla3[[#This Row],[Disponibilidad]],""),0)
A10: 45691 | B10: =SUMIFS('paradas-disp'!F:F,'paradas-disp'!A:A,Tabla3[[#This Row],[Fecha]]) -> 0 | D10: =IF(Tabla3[[#This Row],[Fecha]]<53,"",IFERROR(((HOUR(Tabla3[[#This Row],[Horas]])*60+MINUTE(Tabla3[[#This Row],[Horas]]))/60)*$D$1,"")) -> 0 | E10: =IFERROR(Tabla3[[#This Row],[Cantidad producida]]/Tabla3[[#This Row],[Cantidad teórica]],"") | F10: =IF(Tabla3[[#This Row],[Fecha]]<53,"",IFERROR(Tabla3[[#This Row],[Horas]]/$F$1,"")) -> 0 | G10: =IF(Tabla3[[#This Row],[Disponibilidad]]="","",IF(Tabla3[[#This Row],[Disponibilidad]]>1,"NO","")) | H10: =IFERROR(IF(VLOOKUP(Tabla3[[#This Row],[Fecha]],Tabla1[[Día]:[P/LC/CF/CL]],5,FALSE)="LC","SI",""),"") | I10: =IFERROR(Tabla3[[#This Row],[Disponibilidad]]*Tabla3[[#This Row],[Rendimiento]], IF(Tabla3[[#This Row],[LC]]="SI", 0, "No")) -> No | J10: =IF(Tabla3[[#This Row],[OEE]]="No","",WEEKNUM(Tabla3[[#This Row],[Fecha]])) | K10: =IFERROR(IF(Tabla3[[#This Row],[OEE]]<>"No",Tabla3[[#This Row],[OEE]]/Tabla3[[#This Row],[Disponibilidad]],""),0)
A11: 45692 | B11: =SUMIFS('paradas-disp'!F:F,'paradas-disp'!A:A,Tabla3[[#This Row],[Fecha]]) -> 0.090277778 | C11: =SUMIFS('paradas-disp'!I:I,'paradas-disp'!A:A,Tabla3[[#This Row],[Fecha]]) -> 2754 | D11: =IF(Tabla3[[#This Row],[Fecha]]<53,"",IFERROR(((HOUR(Tabla3[[#This Row],[Horas]])*60+MINUTE(Tabla3[[#This Row],[Horas]]))/60)*$D$1,"")) -> 3900 | E11: =IFERROR(Tabla3[[#This Row],[Cantidad producida]]/Tabla3[[#This Row],[Cantidad teórica]],"") -> 0.70615385 | F11: =IF(Tabla3[[#This Row],[Fecha]]<53,"",IFERROR(Tabla3[[#This Row],[Horas]]/$F$1,"")) -> 0.14444444 | G11: =IF(Tabla3[[#This Row],[Disponibilidad]]="","",IF(Tabla3[[#This Row],[Disponibilidad]]>1,"NO","")) | H11: =IFERROR(IF(VLOOKUP(Tabla3[[#This Row],[Fecha]],Tabla1[[Día]:[P/LC/CF/CL]],5,FALSE)="LC","SI",""),"") | I11: =IFERROR(Tabla3[[#This Row],[Disponibilidad]]*Tabla3[[#This Row],[Rendimiento]], IF(Tabla3[[#This Row],[LC]]="SI", 0, "No")) -> 0.102 | J11: =IF(Tabla3[[#This Row],[OEE]]="No","",WEEKNUM(Tabla3[[#This Row],[Fecha]])) -> 6 | K11: =IFERROR(IF(Tabla3[[#This Row],[OEE]]<>"No",Tabla3[[#This Row],[OEE]]/Tabla3[[#This Row],[Disponibilidad]],""),0) -> 0.70615385
A12: 45693 | B12: =SUMIFS('paradas-disp'!F:F,'paradas-disp'!A:A,Tabla3[[#This Row],[Fecha]]) -> 0.47569444 | C12: =SUMIFS('paradas-disp'!I:I,'paradas-disp'!A:A,Tabla3[[#This Row],[Fecha]]) -> 13140 | D12: =IF(Tabla3[[#This Row],[Fecha]]<53,"",IFERROR(((HOUR(Tabla3[[#This Row],[Horas]])*60+MINUTE(Tabla3[[#This Row],[Horas]]))/60)*$D$1,"")) -> 20550 | E12: =IFERROR(Tabla3[[#This Row],[Cantidad producida]]/Tabla3[[#This Row],[Cantidad teórica]],"") -> 0.63941606 | F12: =IF(Tabla3[[#This Row],[Fecha]]<53,"",IFERROR(Tabla3[[#This Row],[Horas]]/$F$1,"")) -> 0.76111111 | G12: =IF(Tabla3[[#This Row],[Disponibilidad]]="","",IF(Tabla3[[#This Row],[Disponibilidad]]>1,"NO","")) | H12: =IFERROR(IF(VLOOKUP(Tabla3[[#This Row],[Fecha]],Tabla1[[Día]:[P/LC/CF/CL]],5,FALSE)="LC","SI",""),"") | I12: =IFERROR(Tabla3[[#This Row],[Disponibilidad]]*Tabla3[[#This Row],[Rendimiento]], IF(Tabla3[[#This Row],[LC]]="SI", 0, "No")) -> 0.48666667 | J12: =IF(Tabla3[[#This Row],[OEE]]="No","",WEEKNUM(Tabla3[[#This Row],[Fecha]])) -> 6 | K12: =IFERROR(IF(Tabla3[[#This Row],[OEE]]<>"No",Tabla3[[#This Row],[OEE]]/Tabla3[[#This Row],[Disponibilidad]],""),0) -> 0.63941606
A13: 45694 | B13: =SUMIFS('paradas-disp'!F:F,'paradas-disp'!A:A,Tabla3[[#This Row],[Fecha]]) -> 0.34375 | C13: =SUMIFS('paradas-disp'!I:I,'paradas-disp'!A:A,Tabla3[[#This Row],[Fecha]]) -> 10938 | D13: =IF(Tabla3[[#This Row],[Fecha]]<53,"",IFERROR(((HOUR(Tabla3[[#This Row],[Horas]])*60+MINUTE(Tabla3[[#This Row],[Horas]]))/60)*$D$1,"")) -> 14850 | E13: =IFERROR(Tabla3[[#This Row],[Cantidad producida]]/Tabla3[[#This Row],[Cantidad teórica]],"") -> 0.73656566 | F13: =IF(Tabla3[[#This Row],[Fecha]]<53,"",IFERROR(Tabla3[[#This Row],[Horas]]/$F$1,"")) -> 0.55 | G13: =IF(Tabla3[[#This Row],[Disponibilidad]]="","",IF(Tabla3[[#This Row],[Disponibilidad]]>1,"NO","")) | H13: =IFERROR(IF(VLOOKUP(Tabla3[[#This Row],[Fecha]],Tabla1[[Día]:[P/LC/CF/CL]],5,FALSE)="LC","SI",""),"") | I13: =IFERROR(Tabla3[[#This Row],[Disponibilidad]]*Tabla3[[#This Row],[Rendimiento]], IF(Tabla3[[#This Row],[LC]]="SI", 0, "No")) -> 0.40511111 | J13: =IF(Tabla3[[#This Row],[OEE]]="No","",WEEKNUM(Tabla3[[#This Row],[Fecha]])) -> 6 | K13: =IFERROR(IF(Tabla3[[#This Row],[OEE]]<>"No",Tabla3[[#This Row],[OEE]]/Tabla3[[#This Row],[Disponibilidad]],""),0) -> 0.73656566
A14: 45695 | B14: =SUMIFS('paradas-disp'!F:F,'paradas-disp'!A:A,Tabla3[[#This Row],[Fecha]]) -> 0.34722222 | C14: =SUMIFS('paradas-disp'!I:I,'paradas-disp'!A:A,Tabla3[[#This Row],[Fecha]]) -> 8592 | D14: =IF(Tabla3[[#This Row],[Fecha]]<53,"",IFERROR(((HOUR(Tabla3[[#This Row],[Horas]])*60+MINUTE(Tabla3[[#This Row],[Horas]]))/60)*$D$1,"")) -> 15000 | E14: =IFERROR(Tabla3[[#This Row],[Cantidad producida]]/Tabla3[[#This Row],[Cantidad teórica]],"") -> 0.5728 | F14: =IF(Tabla3[[#This Row],[Fecha]]<53,"",IFERROR(Tabla3[[#This Row],[Horas]]/$F$1,"")) -> 0.55555556 | G14: =IF(Tabla3[[#This Row],[Disponibilidad]]="","",IF(Tabla3[[#This Row],[Disponibilidad]]>1,"NO","")) | H14: =IFERROR(IF(VLOOKUP(Tabla3[[#This Row],[Fecha]],Tabla1[[Día]:[P/LC/CF/CL]],5,FALSE)="LC","SI",""),"") | I14: =IFERROR(Tabla3[[#This Row],[Disponibilidad]]*Tabla3[[#This Row],[Rendimiento]], IF(Tabla3[[#This Row],[LC]]="SI", 0, "No")) -> 0.31822222 | J14: =IF(Tabla3[[#This Row],[OEE]]="No","",WEEKNUM(Tabla3[[#This Row],[Fecha]])) -> 6 | K14: =IFERROR(IF(Tabla3[[#This Row],[OEE]]<>"No",Tabla3[[#This Row],[OEE]]/Tabla3[[#This Row],[Disponibilidad]],""),0) -> 0.5728
A15: 45696 | B15: =SUMIFS('paradas-disp'!F:F,'paradas-disp'!A:A,Tabla3[[#This Row],[Fecha]]) -> 0 | D15: =IF(Tabla3[[#This Row],[Fecha]]<53,"",IFERROR(((HOUR(Tabla3[[#This Row],[Horas]])*60+MINUTE(Tabla3[[#This Row],[Horas]]))/60)*$D$1,"")) -> 0 | E15: =IFERROR(Tabla3[[#This Row],[Cantidad producida]]/Tabla3[[#This Row],[Cantidad teórica]],"") | F15: =IF(Tabla3[[#This Row],[Fecha]]<53,"",IFERROR(Tabla3[[#This Row],[Horas]]/$F$1,"")) -> 0 | G15: =IF(Tabla3[[#This Row],[Disponibilidad]]="","",IF(Tabla3[[#This Row],[Disponibilidad]]>1,"NO","")) | H15: =IFERROR(IF(VLOOKUP(Tabla3[[#This Row],[Fecha]],Tabla1[[Día]:[P/LC/CF/CL]],5,FALSE)="LC","SI",""),"") | I15: =IFERROR(Tabla3[[#This Row],[Disponibilidad]]*Tabla3[[#This Row],[Rendimiento]], IF(Tabla3[[#This Row],[LC]]="SI", 0, "No")) -> No | J15: =IF(Tabla3[[#This Row],[OEE]]="No","",WEEKNUM(Tabla3[[#This Row],[Fecha]])) | K15: =IFERROR(IF(Tabla3[[#This Row],[OEE]]<>"No",Tabla3[[#This Row],[OEE]]/Tabla3[[#This Row],[Disponibilidad]],""),0)
A16: 45697 | B16: =SUMIFS('paradas-disp'!F:F,'paradas-disp'!A:A,Tabla3[[#This Row],[Fecha]]) -> 0 | D16: =IF(Tabla3[[#This Row],[Fecha]]<53,"",IFERROR(((HOUR(Tabla3[[#This Row],[Horas]])*60+MINUTE(Tabla3[[#This Row],[Horas]]))/60)*$D$1,"")) -> 0 | E16: =IFERROR(Tabla3[[#This Row],[Cantidad producida]]/Tabla3[[#This Row],[Cantidad teórica]],"") | F16: =IF(Tabla3[[#This Row],[Fecha]]<53,"",IFERROR(Tabla3[[#This Row],[Horas]]/$F$1,"")) -> 0 | G16: =IF(Tabla3[[#This Row],[Disponibilidad]]="","",IF(Tabla3[[#This Row],[Disponibilidad]]>1,"NO","")) | H16: =IFERROR(IF(VLOOKUP(Tabla3[[#This Row],[Fecha]],Tabla1[[Día]:[P/LC/CF/CL]],5,FALSE)="LC","SI",""),"") | I16: =IFERROR(Tabla3[[#This Row],[Disponibilidad]]*Tabla3[[#This Row],[Rendimiento]], IF(Tabla3[[#This Row],[LC]]="SI", 0, "No")) -> No | J16: =IF(Tabla3[[#This Row],[OEE]]="No","",WEEKNUM(Tabla3[[#This Row],[Fecha]])) | K16: =IFERROR(IF(Tabla3[[#This Row],[OEE]]<>"No",Tabla3[[#This Row],[OEE]]/Tabla3[[#This Row],[Disponibilidad]],""),0)
A17: 45698 | B17: =SUMIFS('paradas-disp'!F:F,'paradas-disp'!A:A,Tabla3[[#This Row],[Fecha]]) -> 0.055555556 | C17: =SUMIFS('paradas-disp'!I:I,'paradas-disp'!A:A,Tabla3[[#This Row],[Fecha]]) -> 384 | D17: =IF(Tabla3[[#This Row],[Fecha]]<53,"",IFERROR(((HOUR(Tabla3[[#This Row],[Horas]])*60+MINUTE(Tabla3[[#This Row],[Horas]]))/60)*$D$1,"")) -> 2400 | E17: =IFERROR(Tabla3[[#This Row],[Cantidad producida]]/Tabla3[[#This Row],[Cantidad teórica]],"") -> 0.16 | F17: =IF(Tabla3[[#This Row],[Fecha]]<53,"",IFERROR(Tabla3[[#This Row],[Horas]]/$F$1,"")) -> 0.088888889 | G17: =IF(Tabla3[[#This Row],[Disponibilidad]]="","",IF(Tabla3[[#This Row],[Disponibilidad]]>1,"NO","")) | H17: =IFERROR(IF(VLOOKUP(Tabla3[[#This Row],[Fecha]],Tabla1[[Día]:[P/LC/CF/CL]],5,FALSE)="LC","SI",""),"") | I17: =IFERROR(Tabla3[[#This Row],[Disponibilidad]]*Tabla3[[#This Row],[Rendimiento]], IF(Tabla3[[#This Row],[LC]]="SI", 0, "No")) -> 0.014222222 | J17: =IF(Tabla3[[#This Row],[OEE]]="No","",WEEKNUM(Tabla3[[#This Row],[Fecha]])) -> 7 | K17: =IFERROR(IF(Tabla3[[#This Row],[OEE]]<>"No",Tabla3[[#This Row],[OEE]]/Tabla3[[#This Row],[Disponibilidad]],""),0) -> 0.16
A18: 45699 | B18: =SUMIFS('paradas-disp'!F:F,'paradas-disp'!A:A,Tabla3[[#This Row],[Fecha]]) -> 0.28125 | C18: =SUMIFS('paradas-disp'!I:I,'paradas-disp'!A:A,Tabla3[[#This Row],[Fecha]]) -> 5820 | D18: =IF(Tabla3[[#This Row],[Fecha]]<53,"",IFERROR(((HOUR(Tabla3[[#This Row],[Horas]])*60+MINUTE(Tabla3[[#This Row],[Horas]]))/60)*$D$1,"")) -> 12150 | E18: =IFERROR(Tabla3[[#This Row],[Cantidad producida]]/Tabla3[[#This Row],[Cantidad teórica]],"") -> 0.47901235 | F18: =IF(Tabla3[[#This Row],[Fecha]]<53,"",IFERROR(Tabla3[[#This Row],[Horas]]/$F$1,"")) -> 0.45 | G18: =IF(Tabla3[[#This Row],[Disponibilidad]]="","",IF(Tabla3[[#This Row],[Disponibilidad]]>1,"NO","")) | H18: =IFERROR(IF(VLOOKUP(Tabla3[[#This Row],[Fecha]],Tabla1[[Día]:[P/LC/CF/CL]],5,FALSE)="LC","SI",""),"") | I18: =IFERROR(Tabla3[[#This Row],[Disponibilidad]]*Tabla3[[#This Row],[Rendimiento]], IF(Tabla3[[#This Row],[LC]]="SI", 0, "No")) -> 0.21555556 | J18: =IF(Tabla3[[#This Row],[OEE]]="No","",WEEKNUM(Tabla3[[#This Row],[Fecha]])) -> 7 | K18: =IFERROR(IF(Tabla3[[#This Row],[OEE]]<>"No",Tabla3[[#This Row],[OEE]]/Tabla3[[#This Row],[Disponibilidad]],""),0) -> 0.47901235
A19: 45700 | B19: =SUMIFS('paradas-disp'!F:F,'paradas-disp'!A:A,Tabla3[[#This Row],[Fecha]]) -> 0.61805556 | C19: =SUMIFS('paradas-disp'!I:I,'paradas-disp'!A:A,Tabla3[[#This Row],[Fecha]]) -> 14712 | D19: =IF(Tabla3[[#This Row],[Fecha]]<53,"",IFERROR(((HOUR(Tabla3[[#This Row],[Horas]])*60+MINUTE(Tabla3[[#This Row],[Horas]]))/60)*$D$1,"")) -> 26700 | E19: =IFERROR(Tabla3[[#This Row],[Cantidad producida]]/Tabla3[[#This Row],[Cantidad teórica]],"") -> 0.55101124 | F19: =IF(Tabla3[[#This Row],[Fecha]]<53,"",IFERROR(Tabla3[[#This Row],[Horas]]/$F$1,"")) -> 0.98888889 | G19: =IF(Tabla3[[#This Row],[Disponibilidad]]="","",IF(Tabla3[[#This Row],[Disponibilidad]]>1,"NO","")) | H19: =IFERROR(IF(VLOOKUP(Tabla3[[#This Row],[Fecha]],Tabla1[[Día]:[P/LC/CF/CL]],5,FALSE)="LC","SI",""),"") | I19: =IFERROR(Tabla3[[#This Row],[Disponibilidad]]*Tabla3[[#This Row],[Rendimiento]], IF(Tabla3[[#This Row],[LC]]="SI", 0, "No")) -> 0.54488889 | J19: =IF(Tabla3[[#This Row],[OEE]]="No","",WEEKNUM(Tabla3[[#This Row],[Fecha]])) -> 7 | K19: =IFERROR(IF(Tabla3[[#This Row],[OEE]]<>"No",Tabla3[[#This Row],[OEE]]/Tabla3[[#This Row],[Disponibilidad]],""),0) -> 0.55101124
A20: 45701 | B20: =SUMIFS('paradas-disp'!F:F,'paradas-disp'!A:A,Tabla3[[#This Row],[Fecha]]) -> 0.60416667 | C20: =SUMIFS('paradas-disp'!I:I,'paradas-disp'!A:A,Tabla3[[#This Row],[Fecha]]) -> 20016 | D20: =IF(Tabla3[[#This Row],[Fecha]]<53,"",IFERROR(((HOUR(Tabla3[[#This Row],[Horas]])*60+MINUTE(Tabla3[[#This Row],[Horas]]))/60)*$D$1,"")) -> 26100 | E20: =IFERROR(Tabla3[[#This Row],[Cantidad producida]]/Tabla3[[#This Row],[Cantidad teórica]],"") -> 0.76689655 | F20: =IF(Tabla3[[#This Row],[Fecha]]<53,"",IFERROR(Tabla3[[#This Row],[Horas]]/$F$1,"")) -> 0.96666667 | G20: =IF(Tabla3[[#This Row],[Disponibilidad]]="","",IF(Tabla3[[#This Row],[Disponibilidad]]>1,"NO","")) | H20: =IFERROR(IF(VLOOKUP(Tabla3[[#This Row],[Fecha]],Tabla1[[Día]:[P/LC/CF/CL]],5,FALSE)="LC","SI",""),"") | I20: =IFERROR(Tabla3[[#This Row],[Disponibilidad]]*Tabla3[[#This Row],[Rendimiento]], IF(Tabla3[[#This Row],[LC]]="SI", 0, "No")) -> 0.74133333 | J20: =IF(Tabla3[[#This Row],[OEE]]="No","",WEEKNUM(Tabla3[[#This Row],[Fecha]])) -> 7 | K20: =IFERROR(IF(Tabla3[[#This Row],[OEE]]<>"No",Tabla3[[#This Row],[OEE]]/Tabla3[[#This Row],[Disponibilidad]],""),0) -> 0.76689655
A21: 45702 | B21: =SUMIFS('paradas-disp'!F:F,'paradas-disp'!A:A,Tabla3[[#This Row],[Fecha]]) -> 0.27777778 | C21: =SUMIFS('paradas-disp'!I:I,'paradas-disp'!A:A,Tabla3[[#This Row],[Fecha]]) -> 10386 | D21: =IF(Tabla3[[#This Row],[Fecha]]<53,"",IFERROR(((HOUR(Tabla3[[#This Row],[Horas]])*60+MINUTE(Tabla3[[#This Row],[Horas]]))/60)*$D$1,"")) -> 12000 | E21: =IFERROR(Tabla3[[#This Row],[Cantidad producida]]/Tabla3[[#This Row],[Cantidad teórica]],"") -> 0.8655 | F21: =IF(Tabla3[[#This Row],[Fecha]]<53,"",IFERROR(Tabla3[[#This Row],[Horas]]/$F$1,"")) -> 0.44444444 | G21: =IF(Tabla3[[#This Row],[Disponibilidad]]="","",IF(Tabla3[[#This Row],[Disponibilidad]]>1,"NO","")) | H21: =IFERROR(IF(VLOOKUP(Tabla3[[#This Row],[Fecha]],Tabla1[[Día]:[P/LC/CF/CL]],5,FALSE)="LC","SI",""),"") | I21: =IFERROR(Tabla3[[#This Row],[Disponibilidad]]*Tabla3[[#This Row],[Rendimiento]], IF(Tabla3[[#This Row],[LC]]="SI", 0, "No")) -> 0.38466667 | J21: =IF(Tabla3[[#This Row],[OEE]]="No","",WEEKNUM(Tabla3[[#This Row],[Fecha]])) -> 7 | K21: =IFERROR(IF(Tabla3[[#This Row],[OEE]]<>"No",Tabla3[[#This Row],[OEE]]/Tabla3[[#This Row],[Disponibilidad]],""),0) -> 0.8655
A22: 45703 | B22: =SUMIFS('paradas-disp'!F:F,'paradas-disp'!A:A,Tabla3[[#This Row],[Fecha]]) -> 0 | D22: =IF(Tabla3[[#This Row],[Fecha]]<53,"",IFERROR(((HOUR(Tabla3[[#This Row],[Horas]])*60+MINUTE(Tabla3[[#This Row],[Horas]]))/60)*$D$1,"")) -> 0 | E22: =IFERROR(Tabla3[[#This Row],[Cantidad producida]]/Tabla3[[#This Row],[Cantidad teórica]],"") | F22: =IF(Tabla3[[#This Row],[Fecha]]<53,"",IFERROR(Tabla3[[#This Row],[Horas]]/$F$1,"")) -> 0 | G22: =IF(Tabla3[[#This Row],[Disponibilidad]]="","",IF(Tabla3[[#This Row],[Disponibilidad]]>1,"NO","")) | H22: =IFERROR(IF(VLOOKUP(Tabla3[[#This Row],[Fecha]],Tabla1[[Día]:[P/LC/CF/CL]],5,FALSE)="LC","SI",""),"") | I22: =IFERROR(Tabla3[[#This Row],[Disponibilidad]]*Tabla3[[#This Row],[Rendimiento]], IF(Tabla3[[#This Row],[LC]]="SI", 0, "No")) -> No | J22: =IF(Tabla3[[#This Row],[OEE]]="No","",WEEKNUM(Tabla3[[#This Row],[Fecha]])) | K22: =IFERROR(IF(Tabla3[[#This Row],[OEE]]<>"No",Tabla3[[#This Row],[OEE]]/Tabla3[[#This Row],[Disponibilidad]],""),0)
A23: 45704 | B23: =SUMIFS('paradas-disp'!F:F,'paradas-disp'!A:A,Tabla3[[#This Row],[Fecha]]) -> 0 | D23: =IF(Tabla3[[#This Row],[Fecha]]<53,"",IFERROR(((HOUR(Tabla3[[#This Row],[Horas]])*60+MINUTE(Tabla3[[#This Row],[Horas]]))/60)*$D$1,"")) -> 0 | E23: =IFERROR(Tabla3[[#This Row],[Cantidad producida]]/Tabla3[[#This Row],[Cantidad teórica]],"") | F23: =IF(Tabla3[[#This Row],[Fecha]]<53,"",IFERROR(Tabla3[[#This Row],[Horas]]/$F$1,"")) -> 0 | G23: =IF(Tabla3[[#This Row],[Disponibilidad]]="","",IF(Tabla3[[#This Row],[Disponibilidad]]>1,"NO","")) | H23: =IFERROR(IF(VLOOKUP(Tabla3[[#This Row],[Fecha]],Tabla1[[Día]:[P/LC/CF/CL]],5,FALSE)="LC","SI",""),"") | I23: =IFERROR(Tabla3[[#This Row],[Disponibilidad]]*Tabla3[[#This Row],[Rendimiento]], IF(Tabla3[[#This Row],[LC]]="SI", 0, "No")) -> No | J23: =IF(Tabla3[[#This Row],[OEE]]="No","",WEEKNUM(Tabla3[[#This Row],[Fecha]])) | K23: =IFERROR(IF(Tabla3[[#This Row],[OEE]]<>"No",Tabla3[[#This Row],[OEE]]/Tabla3[[#This Row],[Disponibilidad]],""),0)
A24: 45705 | B24: =SUMIFS('paradas-disp'!F:F,'paradas-disp'!A:A,Tabla3[[#This Row],[Fecha]]) -> 0.31944444 | C24: =SUMIFS('paradas-disp'!I:I,'paradas-disp'!A:A,Tabla3[[#This Row],[Fecha]]) -> 9300 | D24: =IF(Tabla3[[#This Row],[Fecha]]<53,"",IFERROR(((HOUR(Tabla3[[#This Row],[Horas]])*60+MINUTE(Tabla3[[#This Row],[Horas]]))/60)*$D$1,"")) -> 13800 | E24: =IFERROR(Tabla3[[#This Row],[Cantidad producida]]/Tabla3[[#This Row],[Cantidad teórica]],"") -> 0.67391304 | F24: =IF(Tabla3[[#This Row],[Fecha]]<53,"",IFERROR(Tabla3[[#This Row],[Horas]]/$F$1,"")) -> 0.51111111 | G24: =IF(Tabla3[[#This Row],[Disponibilidad]]="","",IF(Tabla3[[#This Row],[Disponibilidad]]>1,"NO","")) | H24: =IFERROR(IF(VLOOKUP(Tabla3[[#This Row],[Fecha]],Tabla1[[Día]:[P/LC/CF/CL]],5,FALSE)="LC","SI",""),"") | I24: =IFERROR(Tabla3[[#This Row],[Disponibilidad]]*Tabla3[[#This Row],[Rendimiento]], IF(Tabla3[[#This Row],[LC]]="SI", 0, "No")) -> 0.34444444 | J24: =IF(Tabla3[[#This Row],[OEE]]="No","",WEEKNUM(Tabla3[[#This Row],[Fecha]])) -> 8 | K24: =IFERROR(IF(Tabla3[[#This Row],[OEE]]<>"No",Tabla3[[#This Row],[OEE]]/Tabla3[[#This Row],[Disponibilidad]],""),0) -> 0.67391304
A25: 45706 | B25: =SUMIFS('paradas-disp'!F:F,'paradas-disp'!A:A,Tabla3[[#This Row],[Fecha]]) -> 0.097222222 | C25: =SUMIFS('paradas-disp'!I:I,'paradas-disp'!A:A,Tabla3[[#This Row],[Fecha]]) -> 2784 | D25: =IF(Tabla3[[#This Row],[Fecha]]<53,"",IFERROR(((HOUR(Tabla3[[#This Row],[Horas]])*60+MINUTE(Tabla3[[#This Row],[Horas]]))/60)*$D$1,"")) -> 4200 | E25: =IFERROR(Tabla3[[#This Row],[Cantidad producida]]/Tabla3[[#This Row],[Cantidad teórica]],"") -> 0.66285714 | F25: =IF(Tabla3[[#This Row],[Fecha]]<53,"",IFERROR(Tabla3[[#This Row],[Horas]]/$F$1,"")) -> 0.15555556 | G25: =IF(Tabla3[[#This Row],[Disponibilidad]]="","",IF(Tabla3[[#This Row],[Disponibilidad]]>1,"NO","")) | H25: =IFERROR(IF(VLOOKUP(Tabla3[[#This Row],[Fecha]],Tabla1[[Día]:[P/LC/CF/CL]],5,FALSE)="LC","SI",""),"") | I25: =IFERROR(Tabla3[[#This Row],[Disponibilidad]]*Tabla3[[#This Row],[Rendimiento]], IF(Tabla3[[#This Row],[LC]]="SI", 0, "No")) -> 0.10311111 | J25: =IF(Tabla3[[#This Row],[OEE]]="No","",WEEKNUM(Tabla3[[#This Row],[Fecha]])) -> 8 | K25: =IFERROR(IF(Tabla3[[#This Row],[OEE]]<>"No",Tabla3[[#This Row],[OEE]]/Tabla3[[#This Row],[Disponibilidad]],""),0) -> 0.66285714
A26: 45707 | B26: =SUMIFS('paradas-disp'!F:F,'paradas-disp'!A:A,Tabla3[[#This Row],[Fecha]]) -> 0.58680556 | C26: =SUMIFS('paradas-disp'!I:I,'paradas-disp'!A:A,Tabla3[[#This Row],[Fecha]]) -> 6174 | D26: =IF(Tabla3[[#This Row],[Fecha]]<53,"",IFERROR(((HOUR(Tabla3[[#This Row],[Horas]])*60+MINUTE(Tabla3[[#This Row],[Horas]]))/60)*$D$1,"")) -> 25350 | E26: =IFERROR(Tabla3[[#This Row],[Cantidad producida]]/Tabla3[[#This Row],[Cantidad teórica]],"") -> 0.2435503 | F26: =IF(Tabla3[[#This Row],[Fecha]]<53,"",IFERROR(Tabla3[[#This Row],[Horas]]/$F$1,"")) -> 0.93888889 | G26: =IF(Tabla3[[#This Row],[Disponibilidad]]="","",IF(Tabla3[[#This Row],[Disponibilidad]]>1,"NO","")) | H26: =IFERROR(IF(VLOOKUP(Tabla3[[#This Row],[Fecha]],Tabla1[[Día]:[P/LC/CF/CL]],5,FALSE)="LC","SI",""),"") | I26: =IFERROR(Tabla3[[#This Row],[Disponibilidad]]*Tabla3[[#This Row],[Rendimiento]], IF(Tabla3[[#This Row],[LC]]="SI", 0, "No")) -> 0.22866667 | J26: =IF(Tabla3[[#This Row],[OEE]]="No","",WEEKNUM(Tabla3[[#This Row],[Fecha]])) -> 8 | K26: =IFERROR(IF(Tabla3[[#This Row],[OEE]]<>"No",Tabla3[[#This Row],[OEE]]/Tabla3[[#This Row],[Disponibilidad]],""),0) -> 0.2435503
A27: 45708 | B27: =SUMIFS('paradas-disp'!F:F,'paradas-disp'!A:A,Tabla3[[#This Row],[Fecha]]) -> 0.09375 | C27: =SUMIFS('paradas-disp'!I:I,'paradas-disp'!A:A,Tabla3[[#This Row],[Fecha]]) -> 1000 | D27: =IF(Tabla3[[#This Row],[Fecha]]<53,"",IFERROR(((HOUR(Tabla3[[#This Row],[Horas]])*60+MINUTE(Tabla3[[#This Row],[Horas]]))/60)*$D$1,"")) -> 4050 | E27: =IFERROR(Tabla3[[#This Row],[Cantidad producida]]/Tabla3[[#This Row],[Cantidad teórica]],"") -> 0.24691358 | F27: =IF(Tabla3[[#This Row],[Fecha]]<53,"",IFERROR(Tabla3[[#This Row],[Horas]]/$F$1,"")) -> 0.15 | G27: =IF(Tabla3[[#This Row],[Disponibilidad]]="","",IF(Tabla3[[#This Row],[Disponibilidad]]>1,"NO","")) | H27: =IFERROR(IF(VLOOKUP(Tabla3[[#This Row],[Fecha]],Tabla1[[Día]:[P/LC/CF/CL]],5,FALSE)="LC","SI",""),"") | I27: =IFERROR(Tabla3[[#This Row],[Disponibilidad]]*Tabla3[[#This Row],[Rendimiento]], IF(Tabla3[[#This Row],[LC]]="SI", 0, "No")) -> 0.037037037 | J27: =IF(Tabla3[[#This Row],[OEE]]="No","",WEEKNUM(Tabla3[[#This Row],[Fecha]])) -> 8 | K27: =IFERROR(IF(Tabla3[[#This Row],[OEE]]<>"No",Tabla3[[#This Row],[OEE]]/Tabla3[[#This Row],[Disponibilidad]],""),0) -> 0.24691358
A28: 45709 | B28: =SUMIFS('paradas-disp'!F:F,'paradas-disp'!A:A,Tabla3[[#This Row],[Fecha]]) -> 0 | D28: =IF(Tabla3[[#This Row],[Fecha]]<53,"",IFERROR(((HOUR(Tabla3[[#This Row],[Horas]])*60+MINUTE(Tabla3[[#This Row],[Horas]]))/60)*$D$1,"")) -> 0 | E28: =IFERROR(Tabla3[[#This Row],[Cantidad producida]]/Tabla3[[#This Row],[Cantidad teórica]],"") | F28: =IF(Tabla3[[#This Row],[Fecha]]<53,"",IFERROR(Tabla3[[#This Row],[Horas]]/$F$1,"")) -> 0 | G28: =IF(Tabla3[[#This Row],[Disponibilidad]]="","",IF(Tabla3[[#This Row],[Disponibilidad]]>1,"NO","")) | H28: =IFERROR(IF(VLOOKUP(Tabla3[[#This Row],[Fecha]],Tabla1[[Día]:[P/LC/CF/CL]],5,FALSE)="LC","SI",""),"") | I28: =IFERROR(Tabla3[[#This Row],[Disponibilidad]]*Tabla3[[#This Row],[Rendimiento]], IF(Tabla3[[#This Row],[LC]]="SI", 0, "No")) -> No | J28: =IF(Tabla3[[#This Row],[OEE]]="No","",WEEKNUM(Tabla3[[#This Row],[Fecha]])) | K28: =IFERROR(IF(Tabla3[[#This Row],[OEE]]<>"No",Tabla3[[#This Row],[OEE]]/Tabla3[[#This Row],[Disponibilidad]],""),0)
A29: 45710 | B29: =SUMIFS('paradas-disp'!F:F,'paradas-disp'!A:A,Tabla3[[#This Row],[Fecha]]) -> 0 | D29: =IF(Tabla3[[#This Row],[Fecha]]<53,"",IFERROR(((HOUR(Tabla3[[#This Row],[Horas]])*60+MINUTE(Tabla3[[#This Row],[Horas]]))/60)*$D$1,"")) -> 0 | E29: =IFERROR(Tabla3[[#This Row],[Cantidad producida]]/Tabla3[[#This Row],[Cantidad teórica]],"") | F29: =IF(Tabla3[[#This Row],[Fecha]]<53,"",IFERROR(Tabla3[[#This Row],[Horas]]/$F$1,"")) -> 0 | G29: =IF(Tabla3[[#This Row],[Disponibilidad]]="","",IF(Tabla3[[#This Row],[Disponibilidad]]>1,"NO","")) | H29: =IFERROR(IF(VLOOKUP(Tabla3[[#This Row],[Fecha]],Tabla1[[Día]:[P/LC/CF/CL]],5,FALSE)="LC","SI",""),"") | I29: =IFERROR(Tabla3[[#This Row],[Disponibilidad]]*Tabla3[[#This Row],[Rendimiento]], IF(Tabla3[[#This Row],[LC]]="SI", 0, "No")) -> No | J29: =IF(Tabla3[[#This Row],[OEE]]="No","",WEEKNUM(Tabla3[[#This Row],[Fecha]])) | K29: =IFERROR(IF(Tabla3[[#This Row],[OEE]]<>"No",Tabla3[[#This Row],[OEE]]/Tabla3[[#This Row],[Disponibilidad]],""),0)
A30: 45711 | B30: =SUMIFS('paradas-disp'!F:F,'paradas-disp'!A:A,Tabla3[[#This Row],[Fecha]]) -> 0 | D30: =IF(Tabla3[[#This Row],[Fecha]]<53,"",IFERROR(((HOUR(Tabla3[[#This Row],[Horas]])*60+MINUTE(Tabla3[[#This Row],[Horas]]))/60)*$D$1,"")) -> 0 | E30: =IFERROR(Tabla3[[#This Row],[Cantidad producida]]/Tabla3[[#This Row],[Cantidad teórica]],"") | F30: =IF(Tabla3[[#This Row],[Fecha]]<53,"",IFERROR(Tabla3[[#This Row],[Horas]]/$F$1,"")) -> 0 | G30: =IF(Tabla3[[#This Row],[Disponibilidad]]="","",IF(Tabla3[[#This Row],[Disponibilidad]]>1,"NO","")) | H30: =IFERROR(IF(VLOOKUP(Tabla3[[#This Row],[Fecha]],Tabla1[[Día]:[P/LC/CF/CL]],5,FALSE)="LC","SI",""),"") | I30: =IFERROR(Tabla3[[#This Row],[Disponibilidad]]*Tabla3[[#This Row],[Rendimiento]], IF(Tabla3[[#This Row],[LC]]="SI", 0, "No")) -> No | J30: =IF(Tabla3[[#This Row],[OEE]]="No","",WEEKNUM(Tabla3[[#This Row],[Fecha]])) | K30: =IFERROR(IF(Tabla3[[#This Row],[OEE]]<>"No",Tabla3[[#This Row],[OEE]]/Tabla3[[#This Row],[Disponibilidad]],""),0)
A31: 45712 | B31: =SUMIFS('paradas-disp'!F:F,'paradas-disp'!A:A,Tabla3[[#This Row],[Fecha]]) -> 0 | D31: =IF(Tabla3[[#This Row],[Fecha]]<53,"",IFERROR(((HOUR(Tabla3[[#This Row],[Horas]])*60+MINUTE(Tabla3[[#This Row],[Horas]]))/60)*$D$1,"")) -> 0 | E31: =IFERROR(Tabla3[[#This Row],[Cantidad producida]]/Tabla3[[#This Row],[Cantidad teórica]],"") | F31: =IF(Tabla3[[#This Row],[Fecha]]<53,"",IFERROR(Tabla3[[#This Row],[Horas]]/$F$1,"")) -> 0 | G31: =IF(Tabla3[[#This Row],[Disponibilidad]]="","",IF(Tabla3[[#This Row],[Disponibilidad]]>1,"NO","")) | H31: =IFERROR(IF(VLOOKUP(Tabla3[[#This Row],[Fecha]],Tabla1[[Día]:[P/LC/CF/CL]],5,FALSE)="LC","SI",""),"") | I31: =IFERROR(Tabla3[[#This Row],[Disponibilidad]]*Tabla3[[#This Row],[Rendimiento]], IF(Tabla3[[#This Row],[LC]]="SI", 0, "No")) -> No | J31: =IF(Tabla3[[#This Row],[OEE]]="No","",WEEKNUM(Tabla3[[#This Row],[Fecha]])) | K31: =IFERROR(IF(Tabla3[[#This Row],[OEE]]<>"No",Tabla3[[#This Row],[OEE]]/Tabla3[[#This Row],[Disponibilidad]],""),0)
A32: 45713 | B32: =SUMIFS('paradas-disp'!F:F,'paradas-disp'!A:A,Tabla3[[#This Row],[Fecha]]) -> 0 | D32: =IF(Tabla3[[#This Row],[Fecha]]<53,"",IFERROR(((HOUR(Tabla3[[#This Row],[Horas]])*60+MINUTE(Tabla3[[#This Row],[Horas]]))/60)*$D$1,"")) -> 0 | E32: =IFERROR(Tabla3[[#This Row],[Cantidad producida]]/Tabla3[[#This Row],[Cantidad teórica]],"") | F32: =IF(Tabla3[[#This Row],[Fecha]]<53,"",IFERROR(Tabla3[[#This Row],[Horas]]/$F$1,"")) -> 0 | G32: =IF(Tabla3[[#This Row],[Disponibilidad]]="","",IF(Tabla3[[#This Row],[Disponibilidad]]>1,"NO","")) | H32: =IFERROR(IF(VLOOKUP(Tabla3[[#This Row],[Fecha]],Tabla1[[Día]:[P/LC/CF/CL]],5,FALSE)="LC","SI",""),"") | I32: =IFERROR(Tabla3[[#This Row],[Disponibilidad]]*Tabla3[[#This Row],[Rendimiento]], IF(Tabla3[[#This Row],[LC]]="SI", 0, "No")) -> No | J32: =IF(Tabla3[[#This Row],[OEE]]="No","",WEEKNUM(Tabla3[[#This Row],[Fecha]])) | K32: =IFERROR(IF(Tabla3[[#This Row],[OEE]]<>"No",Tabla3[[#This Row],[OEE]]/Tabla3[[#This Row],[Disponibilidad]],""),0)
A33: 45714 | B33: =SUMIFS('paradas-disp'!F:F,'paradas-disp'!A:A,Tabla3[[#This Row],[Fecha]]) -> 0 | D33: =IF(Tabla3[[#This Row],[Fecha]]<53,"",IFERROR(((HOUR(Tabla3[[#This Row],[Horas]])*60+MINUTE(Tabla3[[#This Row],[Horas]]))/60)*$D$1,"")) -> 0 | E33: =IFERROR(Tabla3[[#This Row],[Cantidad producida]]/Tabla3[[#This Row],[Cantidad teórica]],"") | F33: =IF(Tabla3[[#This Row],[Fecha]]<53,"",IFERROR(Tabla3[[#This Row],[Horas]]/$F$1,"")) -> 0 | G33: =IF(Tabla3[[#This Row],[Disponibilidad]]="","",IF(Tabla3[[#This Row],[Disponibilidad]]>1,"NO","")) | H33: =IFERROR(IF(VLOOKUP(Tabla3[[#This Row],[Fecha]],Tabla1[[Día]:[P/LC/CF/CL]],5,FALSE)="LC","SI",""),"") | I33: =IFERROR(Tabla3[[#This Row],[Disponibilidad]]*Tabla3[[#This Row],[Rendimiento]], IF(Tabla3[[#This Row],[LC]]="SI", 0, "No")) -> No | J33: =IF(Tabla3[[#This Row],[OEE]]="No","",WEEKNUM(Tabla3[[#This Row],[Fecha]])) | K33: =IFERROR(IF(Tabla3[[#This Row],[OEE]]<>"No",Tabla3[[#This Row],[OEE]]/Tabla3[[#This Row],[Disponibilidad]],""),0)
A34: 45715 | B34: =SUMIFS('paradas-disp'!F:F,'paradas-disp'!A:A,Tabla3[[#This Row],[Fecha]]) -> 0 | D34: =IF(Tabla3[[#This Row],[Fecha]]<53,"",IFERROR(((HOUR(Tabla3[[#This Row],[Horas]])*60+MINUTE(Tabla3[[#This Row],[Horas]]))/60)*$D$1,"")) -> 0 | E34: =IFERROR(Tabla3[[#This Row],[Cantidad producida]]/Tabla3[[#This Row],[Cantidad teórica]],"") | F34: =IF(Tabla3[[#This Row],[Fecha]]<53,"",IFERROR(Tabla3[[#This Row],[Horas]]/$F$1,"")) -> 0 | G34: =IF(Tabla3[[#This Row],[Disponibilidad]]="","",IF(Tabla3[[#This Row],[Disponibilidad]]>1,"NO","")) | H34: =IFERROR(IF(VLOOKUP(Tabla3[[#This Row],[Fecha]],Tabla1[[Día]:[P/LC/CF/CL]],5,FALSE)="LC","SI",""),"") | I34: =IFERROR(Tabla3[[#This Row],[Disponibilidad]]*Tabla3[[#This Row],[Rendimiento]], IF(Tabla3[[#This Row],[LC]]="SI", 0, "No")) -> No | J34: =IF(Tabla3[[#This Row],[OEE]]="No","",WEEKNUM(Tabla3[[#This Row],[Fecha]])) | K34: =IFERROR(IF(Tabla3[[#This Row],[OEE]]<>"No",Tabla3[[#This Row],[OEE]]/Tabla3[[#This Row],[Disponibilidad]],""),0)
A35: 45716 | B35: =SUMIFS('paradas-disp'!F:F,'paradas-disp'!A:A,Tabla3[[#This Row],[Fecha]]) -> 0.39236111 | C35: =SUMIFS('paradas-disp'!I:I,'paradas-disp'!A:A,Tabla3[[#This Row],[Fecha]]) -> 7033 | D35: =IF(Tabla3[[#This Row],[Fecha]]<53,"",IFERROR(((HOUR(Tabla3[[#This Row],[Horas]])*60+MINUTE(Tabla3[[#This Row],[Horas]]))/60)*$D$1,"")) -> 16950 | E35: =IFERROR(Tabla3[[#This Row],[Cantidad producida]]/Tabla3[[#This Row],[Cantidad teórica]],"") -> 0.41492625 | F35: =IF(Tabla3[[#This Row],[Fecha]]<53,"",IFERROR(Tabla3[[#This Row],[Horas]]/$F$1,"")) -> 0.62777778 | G35: =IF(Tabla3[[#This Row],[Disponibilidad]]="","",IF(Tabla3[[#This Row],[Disponibilidad]]>1,"NO","")) | H35: =IFERROR(IF(VLOOKUP(Tabla3[[#This Row],[Fecha]],Tabla1[[Día]:[P/LC/CF/CL]],5,FALSE)="LC","SI",""),"") | I35: =IFERROR(Tabla3[[#This Row],[Disponibilidad]]*Tabla3[[#This Row],[Rendimiento]], IF(Tabla3[[#This Row],[LC]]="SI", 0, "No")) -> 0.26048148 | J35: =IF(Tabla3[[#This Row],[OEE]]="No","",WEEKNUM(Tabla3[[#This Row],[Fecha]])) -> 9 | K35: =IFERROR(IF(Tabla3[[#This Row],[OEE]]<>"No",Tabla3[[#This Row],[OEE]]/Tabla3[[#This Row],[Disponibilidad]],""),0) -> 0.41492625
A36: 45717 | B36: =SUMIFS('paradas-disp'!F:F,'paradas-disp'!A:A,Tabla3[[#This Row],[Fecha]]) -> 0 | D36: =IF(Tabla3[[#This Row],[Fecha]]<53,"",IFERROR(((HOUR(Tabla3[[#This Row],[Horas]])*60+MINUTE(Tabla3[[#This Row],[Horas]]))/60)*$D$1,"")) -> 0 | E36: =IFERROR(Tabla3[[#This Row],[Cantidad producida]]/Tabla3[[#This Row],[Cantidad teórica]],"") | F36: =IF(Tabla3[[#This Row],[Fecha]]<53,"",IFERROR(Tabla3[[#This Row],[Horas]]/$F$1,"")) -> 0 | G36: =IF(Tabla3[[#This Row],[Disponibilidad]]="","",IF(Tabla3[[#This Row],[Disponibilidad]]>1,"NO","")) | H36: =IFERROR(IF(VLOOKUP(Tabla3[[#This Row],[Fecha]],Tabla1[[Día]:[P/LC/CF/CL]],5,FALSE)="LC","SI",""),"") | I36: =IFERROR(Tabla3[[#This Row],[Disponibilidad]]*Tabla3[[#This Row],[Rendimiento]], IF(Tabla3[[#This Row],[LC]]="SI", 0, "No")) -> No | J36: =IF(Tabla3[[#This Row],[OEE]]="No","",WEEKNUM(Tabla3[[#This Row],[Fecha]])) | K36: =IFERROR(IF(Tabla3[[#This Row],[OEE]]<>"No",Tabla3[[#This Row],[OEE]]/Tabla3[[#This Row],[Disponibilidad]],""),0)
A37: 45718 | B37: =SUMIFS('paradas-disp'!F:F,'paradas-disp'!A:A,Tabla3[[#This Row],[Fecha]]) -> 0 | D37: =IF(Tabla3[[#This Row],[Fecha]]<53,"",IFERROR(((HOUR(Tabla3[[#This Row],[Horas]])*60+MINUTE(Tabla3[[#This Row],[Horas]]))/60)*$D$1,"")) -> 0 | E37: =IFERROR(Tabla3[[#This Row],[Cantidad producida]]/Tabla3[[#This Row],[Cantidad teórica]],"") | F37: =IF(Tabla3[[#This Row],[Fecha]]<53,"",IFERROR(Tabla3[[#This Row],[Horas]]/$F$1,"")) -> 0 | G37: =IF(Tabla3[[#This Row],[Disponibilidad]]="","",IF(Tabla3[[#This Row],[Disponibilidad]]>1,"NO","")) | H37: =IFERROR(IF(VLOOKUP(Tabla3[[#This Row],[Fecha]],Tabla1[[Día]:[P/LC/CF/CL]],5,FALSE)="LC","SI",""),"") | I37: =IFERROR(Tabla3[[#This Row],[Disponibilidad]]*Tabla3[[#This Row],[Rendimiento]], IF(Tabla3[[#This Row],[LC]]="SI", 0, "No")) -> No | J37: =IF(Tabla3[[#This Row],[OEE]]="No","",WEEKNUM(Tabla3[[#This Row],[Fecha]])) | K37: =IFERROR(IF(Tabla3[[#This Row],[OEE]]<>"No",Tabla3[[#This Row],[OEE]]/Tabla3[[#This Row],[Disponibilidad]],""),0)
A38: 45719 | B38: =SUMIFS('paradas-disp'!F:F,'paradas-disp'!A:A,Tabla3[[#This Row],[Fecha]]) -> 0.37152778 | C38: =SUMIFS('paradas-disp'!I:I,'paradas-disp'!A:A,Tabla3[[#This Row],[Fecha]]) -> 5828 | D38: =IF(Tabla3[[#This Row],[Fecha]]<53,"",IFERROR(((HOUR(Tabla3[[#This Row],[Horas]])*60+MINUTE(Tabla3[[#This Row],[Horas]]))/60)*$D$1,"")) -> 16050 | E38: =IFERROR(Tabla3[[#This Row],[Cantidad producida]]/Tabla3[[#This Row],[Cantidad teórica]],"") -> 0.36311526 | F38: =IF(Tabla3[[#This Row],[Fecha]]<53,"",IFERROR(Tabla3[[#This Row],[Horas]]/$F$1,"")) -> 0.59444444 | G38: =IF(Tabla3[[#This Row],[Disponibilidad]]="","",IF(Tabla3[[#This Row],[Disponibilidad]]>1,"NO","")) | H38: =IFERROR(IF(VLOOKUP(Tabla3[[#This Row],[Fecha]],Tabla1[[Día]:[P/LC/CF/CL]],5,FALSE)="LC","SI",""),"") | I38: =IFERROR(Tabla3[[#This Row],[Disponibilidad]]*Tabla3[[#This Row],[Rendimiento]], IF(Tabla3[[#This Row],[LC]]="SI", 0, "No")) -> 0.21585185 | J38: =IF(Tabla3[[#This Row],[OEE]]="No","",WEEKNUM(Tabla3[[#This Row],[Fecha]])) -> 10 | K38: =IFERROR(IF(Tabla3[[#This Row],[OEE]]<>"No",Tabla3[[#This Row],[OEE]]/Tabla3[[#This Row],[Disponibilidad]],""),0) -> 0.36311526
A39: 45720 | B39: =SUMIFS('paradas-disp'!F:F,'paradas-disp'!A:A,Tabla3[[#This Row],[Fecha]]) -> 0.1875 | C39: =SUMIFS('paradas-disp'!I:I,'paradas-disp'!A:A,Tabla3[[#This Row],[Fecha]]) -> 2670 | D39: =IF(Tabla3[[#This Row],[Fecha]]<53,"",IFERROR(((HOUR(Tabla3[[#This Row],[Horas]])*60+MINUTE(Tabla3[[#This Row],[Horas]]))/60)*$D$1,"")) -> 8100 | E39: =IFERROR(Tabla3[[#This Row],[Cantidad producida]]/Tabla3[[#This Row],[Cantidad teórica]],"") -> 0.32962963 | F39: =IF(Tabla3[[#This Row],[Fecha]]<53,"",IFERROR(Tabla3[[#This Row],[Horas]]/$F$1,"")) -> 0.3 | G39: =IF(Tabla3[[#This Row],[Disponibilidad]]="","",IF(Tabla3[[#This Row],[Disponibilidad]]>1,"NO","")) | H39: =IFERROR(IF(VLOOKUP(Tabla3[[#This Row],[Fecha]],Tabla1[[Día]:[P/LC/CF/CL]],5,FALSE)="LC","SI",""),"") | I39: =IFERROR(Tabla3[[#This Row],[Disponibilidad]]*Tabla3[[#This Row],[Rendimiento]], IF(Tabla3[[#This Row],[LC]]="SI", 0, "No")) -> 0.098888889 | J39: =IF(Tabla3[[#This Row],[OEE]]="No","",WEEKNUM(Tabla3[[#This Row],[Fecha]])) -> 10 | K39: =IFERROR(IF(Tabla3[[#This Row],[OEE]]<>"No",Tabla3[[#This Row],[OEE]]/Tabla3[[#This Row],[Disponibilidad]],""),0) -> 0.32962963
A40: 45721 | B40: =SUMIFS('paradas-disp'!F:F,'paradas-disp'!A:A,Tabla3[[#This Row],[Fecha]]) -> 0.14930556 | C40: =SUMIFS('paradas-disp'!I:I,'paradas-disp'!A:A,Tabla3[[#This Row],[Fecha]]) -> 1353 | D40: =IF(Tabla3[[#This Row],[Fecha]]<53,"",IFERROR(((HOUR(Tabla3[[#This Row],[Horas]])*60+MINUTE(Tabla3[[#This Row],[Horas]]))/60)*$D$1,"")) -> 6450 | E40: =IFERROR(Tabla3[[#This Row],[Cantidad producida]]/Tabla3[[#This Row],[Cantidad teórica]],"") -> 0.20976744 | F40: =IF(Tabla3[[#This Row],[Fecha]]<53,"",IFERROR(Tabla3[[#This Row],[Horas]]/$F$1,"")) -> 0.23888889 | G40: =IF(Tabla3[[#This Row],[Disponibilidad]]="","",IF(Tabla3[[#This Row],[Disponibilidad]]>1,"NO","")) | H40: =IFERROR(IF(VLOOKUP(Tabla3[[#This Row],[Fecha]],Tabla1[[Día]:[P/LC/CF/CL]],5,FALSE)="LC","SI",""),"") | I40: =IFERROR(Tabla3[[#This Row],[Disponibilidad]]*Tabla3[[#This Row],[Rendimiento]], IF(Tabla3[[#This Row],[LC]]="SI", 0, "No")) -> 0.050111111 | J40: =IF(Tabla3[[#This Row],[OEE]]="No","",WEEKNUM(Tabla3[[#This Row],[Fecha]])) -> 10 | K40: =IFERROR(IF(Tabla3[[#This Row],[OEE]]<>"No",Tabla3[[#This Row],[OEE]]/Tabla3[[#This Row],[Disponibilidad]],""),0) -> 0.20976744
A41: 45722 | B41: =SUMIFS('paradas-disp'!F:F,'paradas-disp'!A:A,Tabla3[[#This Row],[Fecha]]) -> 0.15277778 | C41: =SUMIFS('paradas-disp'!I:I,'paradas-disp'!A:A,Tabla3[[#This Row],[Fecha]]) -> 3240 | D41: =IF(Tabla3[[#This Row],[Fecha]]<53,"",IFERROR(((HOUR(Tabla3[[#This Row],[Horas]])*60+MINUTE(Tabla3[[#This Row],[Horas]]))/60)*$D$1,"")) -> 6600 | E41: =IFERROR(Tabla3[[#This Row],[Cantidad producida]]/Tabla3[[#This Row],[Cantidad teórica]],"") -> 0.49090909 | F41: =IF(Tabla3[[#This Row],[Fecha]]<53,"",IFERROR(Tabla3[[#This Row],[Horas]]/$F$1,"")) -> 0.24444444 | G41: =IF(Tabla3[[#This Row],[Disponibilidad]]="","",IF(Tabla3[[#This Row],[Disponibilidad]]>1,"NO","")) | H41: =IFERROR(IF(VLOOKUP(Tabla3[[#This Row],[Fecha]],Tabla1[[Día]:[P/LC/CF/CL]],5,FALSE)="LC","SI",""),"") | I41: =IFERROR(Tabla3[[#This Row],[Disponibilidad]]*Tabla3[[#This Row],[Rendimiento]], IF(Tabla3[[#This Row],[LC]]="SI", 0, "No")) -> 0.12 | J41: =IF(Tabla3[[#This Row],[OEE]]="No","",WEEKNUM(Tabla3[[#This Row],[Fecha]])) -> 10 | K41: =IFERROR(IF(Tabla3[[#This Row],[OEE]]<>"No",Tabla3[[#This Row],[OEE]]/Tabla3[[#This Row],[Disponibilidad]],""),0) -> 0.49090909
A42: 45723 | B42: =SUMIFS('paradas-disp'!F:F,'paradas-disp'!A:A,Tabla3[[#This Row],[Fecha]]) -> 0.60416667 | C42: =SUMIFS('paradas-disp'!I:I,'paradas-disp'!A:A,Tabla3[[#This Row],[Fecha]]) -> 17304 | D42: =IF(Tabla3[[#This Row],[Fecha]]<53,"",IFERROR(((HOUR(Tabla3[[#This Row],[Horas]])*60+MINUTE(Tabla3[[#This Row],[Horas]]))/60)*$D$1,"")) -> 26100 | E42: =IFERROR(Tabla3[[#This Row],[Cantidad producida]]/Tabla3[[#This Row],[Cantidad teórica]],"") -> 0.66298851 | F42: =IF(Tabla3[[#This Row],[Fecha]]<53,"",IFERROR(Tabla3[[#This Row],[Horas]]/$F$1,"")) -> 0.96666667 | G42: =IF(Tabla3[[#This Row],[Disponibilidad]]="","",IF(Tabla3[[#This Row],[Disponibilidad]]>1,"NO","")) | H42: =IFERROR(IF(VLOOKUP(Tabla3[[#This Row],[Fecha]],Tabla1[[Día]:[P/LC/CF/CL]],5,FALSE)="LC","SI",""),"") | I42: =IFERROR(Tabla3[[#This Row],[Disponibilidad]]*Tabla3[[#This Row],[Rendimiento]], IF(Tabla3[[#This Row],[LC]]="SI", 0, "No")) -> 0.64088889 | J42: =IF(Tabla3[[#This Row],[OEE]]="No","",WEEKNUM(Tabla3[[#This Row],[Fecha]])) -> 10 | K42: =IFERROR(IF(Tabla3[[#This Row],[OEE]]<>"No",Tabla3[[#This Row],[OEE]]/Tabla3[[#This Row],[Disponibilidad]],""),0) -> 0.66298851
A43: 45724 | B43: =SUMIFS('paradas-disp'!F:F,'paradas-disp'!A:A,Tabla3[[#This Row],[Fecha]]) -> 0 | D43: =IF(Tabla3[[#This Row],[Fecha]]<53,"",IFERROR(((HOUR(Tabla3[[#This Row],[Horas]])*60+MINUTE(Tabla3[[#This Row],[Horas]]))/60)*$D$1,"")) -> 0 | E43: =IFERROR(Tabla3[[#This Row],[Cantidad producida]]/Tabla3[[#This Row],[Cantidad teórica]],"") | F43: =IF(Tabla3[[#This Row],[Fecha]]<53,"",IFERROR(Tabla3[[#This Row],[Horas]]/$F$1,"")) -> 0 | G43: =IF(Tabla3[[#This Row],[Disponibilidad]]="","",IF(Tabla3[[#This Row],[Disponibilidad]]>1,"NO","")) | H43: =IFERROR(IF(VLOOKUP(Tabla3[[#This Row],[Fecha]],Tabla1[[Día]:[P/LC/CF/CL]],5,FALSE)="LC","SI",""),"") | I43: =IFERROR(Tabla3[[#This Row],[Disponibilidad]]*Tabla3[[#This Row],[Rendimiento]], IF(Tabla3[[#This Row],[LC]]="SI", 0, "No")) -> No | J43: =IF(Tabla3[[#This Row],[OEE]]="No","",WEEKNUM(Tabla3[[#This Row],[Fecha]])) | K43: =IFERROR(IF(Tabla3[[#This Row],[OEE]]<>"No",Tabla3[[#This Row],[OEE]]/Tabla3[[#This Row],[Disponibilidad]],""),0)
A44: 45725 | B44: =SUMIFS('paradas-disp'!F:F,'paradas-disp'!A:A,Tabla3[[#This Row],[Fecha]]) -> 0 | D44: =IF(Tabla3[[#This Row],[Fecha]]<53,"",IFERROR(((HOUR(Tabla3[[#This Row],[Horas]])*60+MINUTE(Tabla3[[#This Row],[Horas]]))/60)*$D$1,"")) -> 0 | E44: =IFERROR(Tabla3[[#This Row],[Cantidad producida]]/Tabla3[[#This Row],[Cantidad teórica]],"") | F44: =IF(Tabla3[[#This Row],[Fecha]]<53,"",IFERROR(Tabla3[[#This Row],[Horas]]/$F$1,"")) -> 0 | G44: =IF(Tabla3[[#This Row],[Disponibilidad]]="","",IF(Tabla3[[#This Row],[Disponibilidad]]>1,"NO","")) | H44: =IFERROR(IF(VLOOKUP(Tabla3[[#This Row],[Fecha]],Tabla1[[Día]:[P/LC/CF/CL]],5,FALSE)="LC","SI",""),"") | I44: =IFERROR(Tabla3[[#This Row],[Disponibilidad]]*Tabla3[[#This Row],[Rendimiento]], IF(Tabla3[[#This Row],[LC]]="SI", 0, "No")) -> No | J44: =IF(Tabla3[[#This Row],[OEE]]="No","",WEEKNUM(Tabla3[[#This Row],[Fecha]])) | K44: =IFERROR(IF(Tabla3[[#This Row],[OEE]]<>"No",Tabla3[[#This Row],[OEE]]/Tabla3[[#This Row],[Disponibilidad]],""),0)
A45: 45726 | B45: =SUMIFS('paradas-disp'!F:F,'paradas-disp'!A:A,Tabla3[[#This Row],[Fecha]]) -> 0.55208333 | C45: =SUMIFS('paradas-disp'!I:I,'paradas-disp'!A:A,Tabla3[[#This Row],[Fecha]]) -> 12858 | D45: =IF(Tabla3[[#This Row],[Fecha]]<53,"",IFERROR(((HOUR(Tabla3[[#This Row],[Horas]])*60+MINUTE(Tabla3[[#This Row],[Horas]]))/60)*$D$1,"")) -> 23850 | E45: =IFERROR(Tabla3[[#This Row],[Cantidad producida]]/Tabla3[[#This Row],[Cantidad teórica]],"") -> 0.5391195 | F45: =IF(Tabla3[[#This Row],[Fecha]]<53,"",IFERROR(Tabla3[[#This Row],[Horas]]/$F$1,"")) -> 0.88333333 | G45: =IF(Tabla3[[#This Row],[Disponibilidad]]="","",IF(Tabla3[[#This Row],[Disponibilidad]]>1,"NO","")) | H45: =IFERROR(IF(VLOOKUP(Tabla3[[#This Row],[Fecha]],Tabla1[[Día]:[P/LC/CF/CL]],5,FALSE)="LC","SI",""),"") | I45: =IFERROR(Tabla3[[#This Row],[Disponibilidad]]*Tabla3[[#This Row],[Rendimiento]], IF(Tabla3[[#This Row],[LC]]="SI", 0, "No")) -> 0.47622222 | J45: =IF(Tabla3[[#This Row],[OEE]]="No","",WEEKNUM(Tabla3[[#This Row],[Fecha]])) -> 11 | K45: =IFERROR(IF(Tabla3[[#This Row],[OEE]]<>"No",Tabla3[[#This Row],[OEE]]/Tabla3[[#This Row],[Disponibilidad]],""),0) -> 0.5391195
A46: 45727 | B46: =SUMIFS('paradas-disp'!F:F,'paradas-disp'!A:A,Tabla3[[#This Row],[Fecha]]) -> 0.10416667 | C46: =SUMIFS('paradas-disp'!I:I,'paradas-disp'!A:A,Tabla3[[#This Row],[Fecha]]) -> 2040 | D46: =IF(Tabla3[[#This Row],[Fecha]]<53,"",IFERROR(((HOUR(Tabla3[[#This Row],[Horas]])*60+MINUTE(Tabla3[[#This Row],[Horas]]))/60)*$D$1,"")) -> 4500 | E46: =IFERROR(Tabla3[[#This Row],[Cantidad producida]]/Tabla3[[#This Row],[Cantidad teórica]],"") -> 0.45333333 | F46: =IF(Tabla3[[#This Row],[Fecha]]<53,"",IFERROR(Tabla3[[#This Row],[Horas]]/$F$1,"")) -> 0.16666667 | G46: =IF(Tabla3[[#This Row],[Disponibilidad]]="","",IF(Tabla3[[#This Row],[Disponibilidad]]>1,"NO","")) | H46: =IFERROR(IF(VLOOKUP(Tabla3[[#This Row],[Fecha]],Tabla1[[Día]:[P/LC/CF/CL]],5,FALSE)="LC","SI",""),"") | I46: =IFERROR(Tabla3[[#This Row],[Disponibilidad]]*Tabla3[[#This Row],[Rendimiento]], IF(Tabla3[[#This Row],[LC]]="SI", 0, "No")) -> 0.075555556 | J46: =IF(Tabla3[[#This Row],[OEE]]="No","",WEEKNUM(Tabla3[[#This Row],[Fecha]])) -> 11 | K46: =IFERROR(IF(Tabla3[[#This Row],[OEE]]<>"No",Tabla3[[#This Row],[OEE]]/Tabla3[[#This Row],[Disponibilidad]],""),0) -> 0.45333333
A47: 45728 | B47: =SUMIFS('paradas-disp'!F:F,'paradas-disp'!A:A,Tabla3[[#This Row],[Fecha]]) -> 0.13541667 | C47: =SUMIFS('paradas-disp'!I:I,'paradas-disp'!A:A,Tabla3[[#This Row],[Fecha]]) -> 1196 | D47: =IF(Tabla3[[#This Row],[Fecha]]<53,"",IFERROR(((HOUR(Tabla3[[#This Row],[Horas]])*60+MINUTE(Tabla3[[#This Row],[Horas]]))/60)*$D$1,"")) -> 5850 | E47: =IFERROR(Tabla3[[#This Row],[Cantidad producida]]/Tabla3[[#This Row],[Cantidad teórica]],"") -> 0.20444444 | F47: =IF(Tabla3[[#This Row],[Fecha]]<53,"",IFERROR(Tabla3[[#This Row],[Horas]]/$F$1,"")) -> 0.21666667 | G47: =IF(Tabla3[[#This Row],[Disponibilidad]]="","",IF(Tabla3[[#This Row],[Disponibilidad]]>1,"NO","")) | H47: =IFERROR(IF(VLOOKUP(Tabla3[[#This Row],[Fecha]],Tabla1[[Día]:[P/LC/CF/CL]],5,FALSE)="LC","SI",""),"") | I47: =IFERROR(Tabla3[[#This Row],[Disponibilidad]]*Tabla3[[#This Row],[Rendimiento]], IF(Tabla3[[#This Row],[LC]]="SI", 0, "No")) -> 0.044296296 | J47: =IF(Tabla3[[#This Row],[OEE]]="No","",WEEKNUM(Tabla3[[#This Row],[Fecha]])) -> 11 | K47: =IFERROR(IF(Tabla3[[#This Row],[OEE]]<>"No",Tabla3[[#This Row],[OEE]]/Tabla3[[#This Row],[Disponibilidad]],""),0) -> 0.20444444
A48: 45729 | B48: =SUMIFS('paradas-disp'!F:F,'paradas-disp'!A:A,Tabla3[[#This Row],[Fecha]]) -> 0.30555556 | C48: =SUMIFS('paradas-disp'!I:I,'paradas-disp'!A:A,Tabla3[[#This Row],[Fecha]]) -> 10182 | D48: =IF(Tabla3[[#This Row],[Fecha]]<53,"",IFERROR(((HOUR(Tabla3[[#This Row],[Horas]])*60+MINUTE(Tabla3[[#This Row],[Horas]]))/60)*$D$1,"")) -> 13200 | E48: =IFERROR(Tabla3[[#This Row],[Cantidad producida]]/Tabla3[[#This Row],[Cantidad teórica]],"") -> 0.77136364 | F48: =IF(Tabla3[[#This Row],[Fecha]]<53,"",IFERROR(Tabla3[[#This Row],[Horas]]/$F$1,"")) -> 0.48888889 | G48: =IF(Tabla3[[#This Row],[Disponibilidad]]="","",IF(Tabla3[[#This Row],[Disponibilidad]]>1,"NO","")) | H48: =IFERROR(IF(VLOOKUP(Tabla3[[#This Row],[Fecha]],Tabla1[[Día]:[P/LC/CF/CL]],5,FALSE)="LC","SI",""),"") | I48: =IFERROR(Tabla3[[#This Row],[Disponibilidad]]*Tabla3[[#This Row],[Rendimiento]], IF(Tabla3[[#This Row],[LC]]="SI", 0, "No")) -> 0.37711111 | J48: =IF(Tabla3[[#This Row],[OEE]]="No","",WEEKNUM(Tabla3[[#This Row],[Fecha]])) -> 11 | K48: =IFERROR(IF(Tabla3[[#This Row],[OEE]]<>"No",Tabla3[[#This Row],[OEE]]/Tabla3[[#This Row],[Disponibilidad]],""),0) -> 0.77136364
A49: 45730 | B49: =SUMIFS('paradas-disp'!F:F,'paradas-disp'!A:A,Tabla3[[#This Row],[Fecha]]) -> 0 | D49: =IF(Tabla3[[#This Row],[Fecha]]<53,"",IFERROR(((HOUR(Tabla3[[#This Row],[Horas]])*60+MINUTE(Tabla3[[#This Row],[Horas]]))/60)*$D$1,"")) -> 0 | E49: =IFERROR(Tabla3[[#This Row],[Cantidad producida]]/Tabla3[[#This Row],[Cantidad teórica]],"") | F49: =IF(Tabla3[[#This Row],[Fecha]]<53,"",IFERROR(Tabla3[[#This Row],[Horas]]/$F$1,"")) -> 0 | G49: =IF(Tabla3[[#This Row],[Disponibilidad]]="","",IF(Tabla3[[#This Row],[Disponibilidad]]>1,"NO","")) | H49: =IFERROR(IF(VLOOKUP(Tabla3[[#This Row],[Fecha]],Tabla1[[Día]:[P/LC/CF/CL]],5,FALSE)="LC","SI",""),"") | I49: =IFERROR(Tabla3[[#This Row],[Disponibilidad]]*Tabla3[[#This Row],[Rendimiento]], IF(Tabla3[[#This Row],[LC]]="SI", 0, "No")) -> No | J49: =IF(Tabla3[[#This Row],[OEE]]="No","",WEEKNUM(Tabla3[[#This Row],[Fecha]])) | K49: =IFERROR(IF(Tabla3[[#This Row],[OEE]]<>"No",Tabla3[[#This Row],[OEE]]/Tabla3[[#This Row],[Disponibilidad]],""),0)
A50: 45731 | B50: =SUMIFS('paradas-disp'!F:F,'paradas-disp'!A:A,Tabla3[[#This Row],[Fecha]]) -> 0 | D50: =IF(Tabla3[[#This Row],[Fecha]]<53,"",IFERROR(((HOUR(Tabla3[[#This Row],[Horas]])*60+MINUTE(Tabla3[[#This Row],[Horas]]))/60)*$D$1,"")) -> 0 | E50: =IFERROR(Tabla3[[#This Row],[Cantidad producida]]/Tabla3[[#This Row],[Cantidad teórica]],"") | F50: =IF(Tabla3[[#This Row],[Fecha]]<53,"",IFERROR(Tabla3[[#This Row],[Horas]]/$F$1,"")) -> 0 | G50: =IF(Tabla3[[#This Row],[Disponibilidad]]="","",IF(Tabla3[[#This Row],[Disponibilidad]]>1,"NO","")) | H50: =IFERROR(IF(VLOOKUP(Tabla3[[#This Row],[Fecha]],Tabla1[[Día]:[P/LC/CF/CL]],5,FALSE)="LC","SI",""),"") | I50: =IFERROR(Tabla3[[#This Row],[Disponibilidad]]*Tabla3[[#This Row],[Rendimiento]], IF(Tabla3[[#This Row],[LC]]="SI", 0, "No")) -> No | J50: =IF(Tabla3[[#This Row],[OEE]]="No","",WEEKNUM(Tabla3[[#This Row],[Fecha]])) | K50: =IFERROR(IF(Tabla3[[#This Row],[OEE]]<>"No",Tabla3[[#This Row],[OEE]]/Tabla3[[#This Row],[Disponibilidad]],""),0)
A51: 45732 | B51: =SUMIFS('paradas-disp'!F:F,'paradas-disp'!A:A,Tabla3[[#This Row],[Fecha]]) -> 0 | D51: =IF(Tabla3[[#This Row],[Fecha]]<53,"",IFERROR(((HOUR(Tabla3[[#This Row],[Horas]])*60+MINUTE(Tabla3[[#This Row],[Horas]]))/60)*$D$1,"")) -> 0 | E51: =IFERROR(Tabla3[[#This Row],[Cantidad producida]]/Tabla3[[#This Row],[Cantidad teórica]],"") | F51: =IF(Tabla3[[#This Row],[Fecha]]<53,"",IFERROR(Tabla3[[#This Row],[Horas]]/$F$1,"")) -> 0 | G51: =IF(Tabla3[[#This Row],[Disponibilidad]]="","",IF(Tabla3[[#This Row],[Disponibilidad]]>1,"NO","")) | H51: =IFERROR(IF(VLOOKUP(Tabla3[[#This Row],[Fecha]],Tabla1[[Día]:[P/LC/CF/CL]],5,FALSE)="LC","SI",""),"") | I51: =IFERROR(Tabla3[[#This Row],[Disponibilidad]]*Tabla3[[#This Row],[Rendimiento]], IF(Tabla3[[#This Row],[LC]]="SI", 0, "No")) -> No | J51: =IF(Tabla3[[#This Row],[OEE]]="No","",WEEKNUM(Tabla3[[#This Row],[Fecha]])) | K51: =IFERROR(IF(Tabla3[[#This Row],[OEE]]<>"No",Tabla3[[#This Row],[OEE]]/Tabla3[[#This Row],[Disponibilidad]],""),0)
A52: 45733 | B52: =SUMIFS('paradas-disp'!F:F,'paradas-disp'!A:A,Tabla3[[#This Row],[Fecha]]) -> 0.60763889 | C52: 20882 | D52: =IF(Tabla3[[#This Row],[Fecha]]<53,"",IFERROR(((HOUR(Tabla3[[#This Row],[Horas]])*60+MINUTE(Tabla3[[#This Row],[Horas]]))/60)*$D$1,"")) -> 26250 | E52: =IFERROR(Tabla3[[#This Row],[Cantidad producida]]/Tabla3[[#This Row],[Cantidad teórica]],"") -> 0.79550476 | F52: =IF(Tabla3[[#This Row],[Fecha]]<53,"",IFERROR(Tabla3[[#This Row],[Horas]]/$F$1,"")) -> 0.97222222 | G52: =IF(Tabla3[[#This Row],[Disponibilidad]]="","",IF(Tabla3[[#This Row],[Disponibilidad]]>1,"NO","")) | H52: =IFERROR(IF(VLOOKUP(Tabla3[[#This Row],[Fecha]],Tabla1[[Día]:[P/LC/CF/CL]],5,FALSE)="LC","SI",""),"") | I52: =IFERROR(Tabla3[[#This Row],[Disponibilidad]]*Tabla3[[#This Row],[Rendimiento]], IF(Tabla3[[#This Row],[LC]]="SI", 0, "No")) -> 0.77340741 | J52: =IF(Tabla3[[#This Row],[OEE]]="No","",WEEKNUM(Tabla3[[#This Row],[Fecha]])) -> 12 | K52: =IFERROR(IF(Tabla3[[#This Row],[OEE]]<>"No",Tabla3[[#This Row],[OEE]]/Tabla3[[#This Row],[Disponibilidad]],""),0) -> 0.79550476
A53: 45734 | B53: =SUMIFS('paradas-disp'!F:F,'paradas-disp'!A:A,Tabla3[[#This Row],[Fecha]]) -> 0.58333333 | C53: 17826 | D53: =IF(Tabla3[[#This Row],[Fecha]]<53,"",IFERROR(((HOUR(Tabla3[[#This Row],[Horas]])*60+MINUTE(Tabla3[[#This Row],[Horas]]))/60)*$D$1,"")) -> 25200 | E53: =IFERROR(Tabla3[[#This Row],[Cantidad producida]]/Tabla3[[#This Row],[Cantidad teórica]],"") -> 0.70738095 | F53: =IF(Tabla3[[#This Row],[Fecha]]<53,"",IFERROR(Tabla3[[#This Row],[Horas]]/$F$1,"")) -> 0.93333333 | G53: =IF(Tabla3[[#This Row],[Disponibilidad]]="","",IF(Tabla3[[#This Row],[Disponibilidad]]>1,"NO","")) | H53: =IFERROR(IF(VLOOKUP(Tabla3[[#This Row],[Fecha]],Tabla1[[Día]:[P/LC/CF/CL]],5,FALSE)="LC","SI",""),"") | I53: =IFERROR(Tabla3[[#This Row],[Disponibilidad]]*Tabla3[[#This Row],[Rendimiento]], IF(Tabla3[[#This Row],[LC]]="SI", 0, "No")) -> 0.66022222 | J53: =IF(Tabla3[[#This Row],[OEE]]="No","",WEEKNUM(Tabla3[[#This Row],[Fecha]])) -> 12 | K53: =IFERROR(IF(Tabla3[[#This Row],[OEE]]<>"No",Tabla3[[#This Row],[OEE]]/Tabla3[[#This Row],[Disponibilidad]],""),0) -> 0.70738095
A54: 45735 | B54: =SUMIFS('paradas-disp'!F:F,'paradas-disp'!A:A,Tabla3[[#This Row],[Fecha]]) -> 0.60763889 | C54: 19146 | D54: =IF(Tabla3[[#This Row],[Fecha]]<53,"",IFERROR(((HOUR(Tabla3[[#This Row],[Horas]])*60+MINUTE(Tabla3[[#This Row],[Horas]]))/60)*$D$1,"")) -> 26250 | E54: =IFERROR(Tabla3[[#This Row],[Cantidad producida]]/Tabla3[[#This Row],[Cantidad teórica]],"") -> 0.72937143 | F54: =IF(Tabla3[[#This Row],[Fecha]]<53,"",IFERROR(Tabla3[[#This Row],[Horas]]/$F$1,"")) -> 0.97222222 | G54: =IF(Tabla3[[#This Row],[Disponibilidad]]="","",IF(Tabla3[[#This Row],[Disponibilidad]]>1,"NO","")) | H54: =IFERROR(IF(VLOOKUP(Tabla3[[#This Row],[Fecha]],Tabla1[[Día]:[P/LC/CF/CL]],5,FALSE)="LC","SI",""),"") | I54: =IFERROR(Tabla3[[#This Row],[Disponibilidad]]*Tabla3[[#This Row],[Rendimiento]], IF(Tabla3[[#This Row],[LC]]="SI", 0, "No")) -> 0.70911111 | J54: =IF(Tabla3[[#This Row],[OEE]]="No","",WEEKNUM(Tabla3[[#This Row],[Fecha]])) -> 12 | K54: =IFERROR(IF(Tabla3[[#This Row],[OEE]]<>"No",Tabla3[[#This Row],[OEE]]/Tabla3[[#This Row],[Disponibilidad]],""),0) -> 0.72937143
A55: 45736 | B55: =SUMIFS('paradas-disp'!F:F,'paradas-disp'!A:A,Tabla3[[#This Row],[Fecha]]) -> 0.52986111 | C55: 17756 | D55: =IF(Tabla3[[#This Row],[Fecha]]<53,"",IFERROR(((HOUR(Tabla3[[#This Row],[Horas]])*60+MINUTE(Tabla3[[#This Row],[Horas]]))/60)*$D$1,"")) -> 22890 | E55: =IFERROR(Tabla3[[#This Row],[Cantidad producida]]/Tabla3[[#This Row],[Cantidad teórica]],"") -> 0.77570992 | F55: =IF(Tabla3[[#This Row],[Fecha]]<53,"",IFERROR(Tabla3[[#This Row],[Horas]]/$F$1,"")) -> 0.84777778 | G55: =IF(Tabla3[[#This Row],[Disponibilidad]]="","",IF(Tabla3[[#This Row],[Disponibilidad]]>1,"NO","")) | H55: =IFERROR(IF(VLOOKUP(Tabla3[[#This Row],[Fecha]],Tabla1[[Día]:[P/LC/CF/CL]],5,FALSE)="LC","SI",""),"") | I55: =IFERROR(Tabla3[[#This Row],[Disponibilidad]]*Tabla3[[#This Row],[Rendimiento]], IF(Tabla3[[#This Row],[LC]]="SI", 0, "No")) -> 0.65762963 | J55: =IF(Tabla3[[#This Row],[OEE]]="No","",WEEKNUM(Tabla3[[#This Row],[Fecha]])) -> 12 | K55: =IFERROR(IF(Tabla3[[#This Row],[OEE]]<>"No",Tabla3[[#This Row],[OEE]]/Tabla3[[#This Row],[Disponibilidad]],""),0) -> 0.77570992
A56: 45737 | B56: =SUMIFS('paradas-disp'!F:F,'paradas-disp'!A:A,Tabla3[[#This Row],[Fecha]]) -> 0.09375 | D56: =IF(Tabla3[[#This Row],[Fecha]]<53,"",IFERROR(((HOUR(Tabla3[[#This Row],[Horas]])*60+MINUTE(Tabla3[[#This Row],[Horas]]))/60)*$D$1,"")) -> 4050 | E56: =IFERROR(Tabla3[[#This Row],[Cantidad producida]]/Tabla3[[#This Row],[Cantidad teórica]],"") -> 0 | F56: =IF(Tabla3[[#This Row],[Fecha]]<53,"",IFERROR(Tabla3[[#This Row],[Horas]]/$F$1,"")) -> 0.15 | G56: =IF(Tabla3[[#This Row],[Disponibilidad]]="","",IF(Tabla3[[#This Row],[Disponibilidad]]>1,"NO","")) | H56: =IFERROR(IF(VLOOKUP(Tabla3[[#This Row],[Fecha]],Tabla1[[Día]:[P/LC/CF/CL]],5,FALSE)="LC","SI",""),"") -> SI | I56: =IFERROR(Tabla3[[#This Row],[Disponibilidad]]*Tabla3[[#This Row],[Rendimiento]], IF(Tabla3[[#This Row],[LC]]="SI", 0, "No")) -> 0 | J56: =IF(Tabla3[[#This Row],[OEE]]="No","",WEEKNUM(Tabla3[[#This Row],[Fecha]])) -> 12 | K56: =IFERROR(IF(Tabla3[[#This Row],[OEE]]<>"No",Tabla3[[#This Row],[OEE]]/Tabla3[[#This Row],[Disponibilidad]],""),0) -> 0
A57: 45738 | B57: =SUMIFS('paradas-disp'!F:F,'paradas-disp'!A:A,Tabla3[[#This Row],[Fecha]]) -> 0 | D57: =IF(Tabla3[[#This Row],[Fecha]]<53,"",IFERROR(((HOUR(Tabla3[[#This Row],[Horas]])*60+MINUTE(Tabla3[[#This Row],[Horas]]))/60)*$D$1,"")) -> 0 | E57: =IFERROR(Tabla3[[#This Row],[Cantidad producida]]/Tabla3[[#This Row],[Cantidad teórica]],"") | F57: =IF(Tabla3[[#This Row],[Fecha]]<53,"",IFERROR(Tabla3[[#This Row],[Horas]]/$F$1,"")) -> 0 | G57: =IF(Tabla3[[#This Row],[Disponibilidad]]="","",IF(Tabla3[[#This Row],[Disponibilidad]]>1,"NO","")) | H57: =IFERROR(IF(VLOOKUP(Tabla3[[#This Row],[Fecha]],Tabla1[[Día]:[P/LC/CF/CL]],5,FALSE)="LC","SI",""),"") | I57: =IFERROR(Tabla3[[#This Row],[Disponibilidad]]*Tabla3[[#This Row],[Rendimiento]], IF(Tabla3[[#This Row],[LC]]="SI", 0, "No")) -> No | J57: =IF(Tabla3[[#This Row],[OEE]]="No","",WEEKNUM(Tabla3[[#This Row],[Fecha]])) | K57: =IFERROR(IF(Tabla3[[#This Row],[OEE]]<>"No",Tabla3[[#This Row],[OEE]]/Tabla3[[#This Row],[Disponibilidad]],""),0)
A58: 45739 | B58: =SUMIFS('paradas-disp'!F:F,'paradas-disp'!A:A,Tabla3[[#This Row],[Fecha]]) -> 0 | D58: =IF(Tabla3[[#This Row],[Fecha]]<53,"",IFERROR(((HOUR(Tabla3[[#This Row],[Horas]])*60+MINUTE(Tabla3[[#This Row],[Horas]]))/60)*$D$1,"")) -> 0 | E58: =IFERROR(Tabla3[[#This Row],[Cantidad producida]]/Tabla3[[#This Row],[Cantidad teórica]],"") | F58: =IF(Tabla3[[#This Row],[Fecha]]<53,"",IFERROR(Tabla3[[#This Row],[Horas]]/$F$1,"")) -> 0 | G58: =IF(Tabla3[[#This Row],[Disponibilidad]]="","",IF(Tabla3[[#This Row],[Disponibilidad]]>1,"NO","")) | H58: =IFERROR(IF(VLOOKUP(Tabla3[[#This Row],[Fecha]],Tabla1[[Día]:[P/LC/CF/CL]],5,FALSE)="LC","SI",""),"") | I58: =IFERROR(Tabla3[[#This Row],[Disponibilidad]]*Tabla3[[#This Row],[Rendimiento]], IF(Tabla3[[#This Row],[LC]]="SI", 0, "No")) -> No | J58: =IF(Tabla3[[#This Row],[OEE]]="No","",WEEKNUM(Tabla3[[#This Row],[Fecha]])) | K58: =IFERROR(IF(Tabla3[[#This Row],[OEE]]<>"No",Tabla3[[#This Row],[OEE]]/Tabla3[[#This Row],[Disponibilidad]],""),0)
A59: 45740 | B59: =SUMIFS('paradas-disp'!F:F,'paradas-disp'!A:A,Tabla3[[#This Row],[Fecha]]) -> 0.38888889 | C59: 9504 | D59: =IF(Tabla3[[#This Row],[Fecha]]<53,"",IFERROR(((HOUR(Tabla3[[#This Row],[Horas]])*60+MINUTE(Tabla3[[#This Row],[Horas]]))/60)*$D$1,"")) -> 16800 | E59: =IFERROR(Tabla3[[#This Row],[Cantidad producida]]/Tabla3[[#This Row],[Cantidad teórica]],"") -> 0.56571429 | F59: =IF(Tabla3[[#This Row],[Fecha]]<53,"",IFERROR(Tabla3[[#This Row],[Horas]]/$F$1,"")) -> 0.62222222 | G59: =IF(Tabla3[[#This Row],[Disponibilidad]]="","",IF(Tabla3[[#This Row],[Disponibilidad]]>1,"NO","")) | H59: =IFERROR(IF(VLOOKUP(Tabla3[[#This Row],[Fecha]],Tabla1[[Día]:[P/LC/CF/CL]],5,FALSE)="LC","SI",""),"") | I59: =IFERROR(Tabla3[[#This Row],[Disponibilidad]]*Tabla3[[#This Row],[Rendimiento]], IF(Tabla3[[#This Row],[LC]]="SI", 0, "No")) -> 0.352 | J59: =IF(Tabla3[[#This Row],[OEE]]="No","",WEEKNUM(Tabla3[[#This Row],[Fecha]])) -> 13 | K59: =IFERROR(IF(Tabla3[[#This Row],[OEE]]<>"No",Tabla3[[#This Row],[OEE]]/Tabla3[[#This Row],[Disponibilidad]],""),0) -> 0.56571429
A60: 45741 | B60: =SUMIFS('paradas-disp'!F:F,'paradas-disp'!A:A,Tabla3[[#This Row],[Fecha]]) -> 0.23611111 | C60: 4840 | D60: =IF(Tabla3[[#This Row],[Fecha]]<53,"",IFERROR(((HOUR(Tabla3[[#This Row],[Horas]])*60+MINUTE(Tabla3[[#This Row],[Horas]]))/60)*$D$1,"")) -> 10200 | E60: =IFERROR(Tabla3[[#This Row],[Cantidad producida]]/Tabla3[[#This Row],[Cantidad teórica]],"") -> 0.4745098 | F60: =IF(Tabla3[[#This Row],[Fecha]]<53,"",IFERROR(Tabla3[[#This Row],[Horas]]/$F$1,"")) -> 0.37777778 | G60: =IF(Tabla3[[#This Row],[Disponibilidad]]="","",IF(Tabla3[[#This Row],[Disponibilidad]]>1,"NO","")) | H60: =IFERROR(IF(VLOOKUP(Tabla3[[#This Row],[Fecha]],Tabla1[[Día]:[P/LC/CF/CL]],5,FALSE)="LC","SI",""),"") -> SI | I60: =IFERROR(Tabla3[[#This Row],[Disponibilidad]]*Tabla3[[#This Row],[Rendimiento]], IF(Tabla3[[#This Row],[LC]]="SI", 0, "No")) -> 0.17925926 | J60: =IF(Tabla3[[#This Row],[OEE]]="No","",WEEKNUM(Tabla3[[#This Row],[Fecha]])) -> 13 | K60: =IFERROR(IF(Tabla3[[#This Row],[OEE]]<>"No",Tabla3[[#This Row],[OEE]]/Tabla3[[#This Row],[Disponibilidad]],""),0) -> 0.4745098
A61: 45742 | B61: =SUMIFS('paradas-disp'!F:F,'paradas-disp'!A:A,Tabla3[[#This Row],[Fecha]]) -> 0.46875 | C61: 11156 | D61: =IF(Tabla3[[#This Row],[Fecha]]<53,"",IFERROR(((HOUR(Tabla3[[#This Row],[Horas]])*60+MINUTE(Tabla3[[#This Row],[Horas]]))/60)*$D$1,"")) -> 20250 | E61: =IFERROR(Tabla3[[#This Row],[Cantidad producida]]/Tabla3[[#This Row],[Cantidad teórica]],"") -> 0.55091358 | F61: =IF(Tabla3[[#This Row],[Fecha]]<53,"",IFERROR(Tabla3[[#This Row],[Horas]]/$F$1,"")) -> 0.75 | G61: =IF(Tabla3[[#This Row],[Disponibilidad]]="","",IF(Tabla3[[#This Row],[Disponibilidad]]>1,"NO","")) | H61: =IFERROR(IF(VLOOKUP(Tabla3[[#This Row],[Fecha]],Tabla1[[Día]:[P/LC/CF/CL]],5,FALSE)="LC","SI",""),"") | I61: =IFERROR(Tabla3[[#This Row],[Disponibilidad]]*Tabla3[[#This Row],[Rendimiento]], IF(Tabla3[[#This Row],[LC]]="SI", 0, "No")) -> 0.41318519 | J61: =IF(Tabla3[[#This Row],[OEE]]="No","",WEEKNUM(Tabla3[[#This Row],[Fecha]])) -> 13 | K61: =IFERROR(IF(Tabla3[[#This Row],[OEE]]<>"No",Tabla3[[#This Row],[OEE]]/Tabla3[[#This Row],[Disponibilidad]],""),0) -> 0.55091358
A62: 45743 | B62: =SUMIFS('paradas-disp'!F:F,'paradas-disp'!A:A,Tabla3[[#This Row],[Fecha]]) -> 0.59375 | C62: 21769 | D62: =IF(Tabla3[[#This Row],[Fecha]]<53,"",IFERROR(((HOUR(Tabla3[[#This Row],[Horas]])*60+MINUTE(Tabla3[[#This Row],[Horas]]))/60)*$D$1,"")) -> 25650 | E62: =IFERROR(Tabla3[[#This Row],[Cantidad producida]]/Tabla3[[#This Row],[Cantidad teórica]],"") -> 0.84869396 | F62: =IF(Tabla3[[#This Row],[Fecha]]<53,"",IFERROR(Tabla3[[#This Row],[Horas]]/$F$1,"")) -> 0.95 | G62: =IF(Tabla3[[#This Row],[Disponibilidad]]="","",IF(Tabla3[[#This Row],[Disponibilidad]]>1,"NO","")) | H62: =IFERROR(IF(VLOOKUP(Tabla3[[#This Row],[Fecha]],Tabla1[[Día]:[P/LC/CF/CL]],5,FALSE)="LC","SI",""),"") | I62: =IFERROR(Tabla3[[#This Row],[Disponibilidad]]*Tabla3[[#This Row],[Rendimiento]], IF(Tabla3[[#This Row],[LC]]="SI", 0, "No")) -> 0.80625926 | J62: =IF(Tabla3[[#This Row],[OEE]]="No","",WEEKNUM(Tabla3[[#This Row],[Fecha]])) -> 13 | K62: =IFERROR(IF(Tabla3[[#This Row],[OEE]]<>"No",Tabla3[[#This Row],[OEE]]/Tabla3[[#This Row],[Disponibilidad]],""),0) -> 0.84869396
A63: 45744 | B63: =SUMIFS('paradas-disp'!F:F,'paradas-disp'!A:A,Tabla3[[#This Row],[Fecha]]) -> 0.024305556 | C63: 1434 | D63: =IF(Tabla3[[#This Row],[Fecha]]<53,"",IFERROR(((HOUR(Tabla3[[#This Row],[Horas]])*60+MINUTE(Tabla3[[#This Row],[Horas]]))/60)*$D$1,"")) -> 1050 | E63: =IFERROR(Tabla3[[#This Row],[Cantidad producida]]/Tabla3[[#This Row],[Cantidad teórica]],"") -> 1.3657143 | F63: =IF(Tabla3[[#This Row],[Fecha]]<53,"",IFERROR(Tabla3[[#This Row],[Horas]]/$F$1,"")) -> 0.038888889 | G63: =IF(Tabla3[[#This Row],[Disponibilidad]]="","",IF(Tabla3[[#This Row],[Disponibilidad]]>1,"NO","")) | H63: =IFERROR(IF(VLOOKUP(Tabla3[[#This Row],[Fecha]],Tabla1[[Día]:[P/LC/CF/CL]],5,FALSE)="LC","SI",""),"") | I63: =IFERROR(Tabla3[[#This Row],[Disponibilidad]]*Tabla3[[#This Row],[Rendimiento]], IF(Tabla3[[#This Row],[LC]]="SI", 0, "No")) -> 0.053111111 | J63: =IF(Tabla3[[#This Row],[OEE]]="No","",WEEKNUM(Tabla3[[#This Row],[Fecha]])) -> 13 | K63: =IFERROR(IF(Tabla3[[#This Row],[OEE]]<>"No",Tabla3[[#This Row],[OEE]]/Tabla3[[#This Row],[Disponibilidad]],""),0) -> 1.3657143
A64: 45745 | B64: =SUMIFS('paradas-disp'!F:F,'paradas-disp'!A:A,Tabla3[[#This Row],[Fecha]]) -> 0 | D64: =IF(Tabla3[[#This Row],[Fecha]]<53,"",IFERROR(((HOUR(Tabla3[[#This Row],[Horas]])*60+MINUTE(Tabla3[[#This Row],[Horas]]))/60)*$D$1,"")) -> 0 | E64: =IFERROR(Tabla3[[#This Row],[Cantidad producida]]/Tabla3[[#This Row],[Cantidad teórica]],"") | F64: =IF(Tabla3[[#This Row],[Fecha]]<53,"",IFERROR(Tabla3[[#This Row],[Horas]]/$F$1,"")) -> 0 | G64: =IF(Tabla3[[#This Row],[Disponibilidad]]="","",IF(Tabla3[[#This Row],[Disponibilidad]]>1,"NO","")) | H64: =IFERROR(IF(VLOOKUP(Tabla3[[#This Row],[Fecha]],Tabla1[[Día]:[P/LC/CF/CL]],5,FALSE)="LC","SI",""),"") | I64: =IFERROR(Tabla3[[#This Row],[Disponibilidad]]*Tabla3[[#This Row],[Rendimiento]], IF(Tabla3[[#This Row],[LC]]="SI", 0, "No")) -> No | J64: =IF(Tabla3[[#This Row],[OEE]]="No","",WEEKNUM(Tabla3[[#This Row],[Fecha]])) | K64: =IFERROR(IF(Tabla3[[#This Row],[OEE]]<>"No",Tabla3[[#This Row],[OEE]]/Tabla3[[#This Row],[Disponibilidad]],""),0)
A65: 45746 | B65: =SUMIFS('paradas-disp'!F:F,'paradas-disp'!A:A,Tabla3[[#This Row],[Fecha]]) -> 0 | D65: =IF(Tabla3[[#This Row],[Fecha]]<53,"",IFERROR(((HOUR(Tabla3[[#This Row],[Horas]])*60+MINUTE(Tabla3[[#This Row],[Horas]]))/60)*$D$1,"")) -> 0 | E65: =IFERROR(Tabla3[[#This Row],[Cantidad producida]]/Tabla3[[#This Row],[Cantidad teórica]],"") | F65: =IF(Tabla3[[#This Row],[Fecha]]<53,"",IFERROR(Tabla3[[#This Row],[Horas]]/$F$1,"")) -> 0 | G65: =IF(Tabla3[[#This Row],[Disponibilidad]]="","",IF(Tabla3[[#This Row],[Disponibilidad]]>1,"NO","")) | H65: =IFERROR(IF(VLOOKUP(Tabla3[[#This Row],[Fecha]],Tabla1[[Día]:[P/LC/CF/CL]],5,FALSE)="LC","SI",""),"") | I65: =IFERROR(Tabla3[[#This Row],[Disponibilidad]]*Tabla3[[#This Row],[Rendimiento]], IF(Tabla3[[#This Row],[LC]]="SI", 0, "No")) -> No | J65: =IF(Tabla3[[#This Row],[OEE]]="No","",WEEKNUM(Tabla3[[#This Row],[Fecha]])) | K65: =IFERROR(IF(Tabla3[[#This Row],[OEE]]<>"No",Tabla3[[#This Row],[OEE]]/Tabla3[[#This Row],[Disponibilidad]],""),0)
A66: 45747 | B66: =SUMIFS('paradas-disp'!F:F,'paradas-disp'!A:A,Tabla3[[#This Row],[Fecha]]) -> 0 | D66: =IF(Tabla3[[#This Row],[Fecha]]<53,"",IFERROR(((HOUR(Tabla3[[#This Row],[Horas]])*60+MINUTE(Tabla3[[#This Row],[Horas]]))/60)*$D$1,"")) -> 0 | E66: =IFERROR(Tabla3[[#This Row],[Cantidad producida]]/Tabla3[[#This Row],[Cantidad teórica]],"") | F66: =IF(Tabla3[[#This Row],[Fecha]]<53,"",IFERROR(Tabla3[[#This Row],[Horas]]/$F$1,"")) -> 0 | G66: =IF(Tabla3[[#This Row],[Disponibilidad]]="","",IF(Tabla3[[#This Row],[Disponibilidad]]>1,"NO","")) | H66: =IFERROR(IF(VLOOKUP(Tabla3[[#This Row],[Fecha]],Tabla1[[Día]:[P/LC/CF/CL]],5,FALSE)="LC","SI",""),"") | I66: =IFERROR(Tabla3[[#This Row],[Disponibilidad]]*Tabla3[[#This Row],[Rendimiento]], IF(Tabla3[[#This Row],[LC]]="SI", 0, "No")) -> No | J66: =IF(Tabla3[[#This Row],[OEE]]="No","",WEEKNUM(Tabla3[[#This Row],[Fecha]])) | K66: =IFERROR(IF(Tabla3[[#This Row],[OEE]]<>"No",Tabla3[[#This Row],[OEE]]/Tabla3[[#This Row],[Disponibilidad]],""),0)
A67: 45748 | B67: =SUMIFS('paradas-disp'!F:F,'paradas-disp'!A:A,Tabla3[[#This Row],[Fecha]]) -> 0 | D67: =IF(Tabla3[[#This Row],[Fecha]]<53,"",IFERROR(((HOUR(Tabla3[[#This Row],[Horas]])*60+MINUTE(Tabla3[[#This Row],[Horas]]))/60)*$D$1,"")) -> 0 | E67: =IFERROR(Tabla3[[#This Row],[Cantidad producida]]/Tabla3[[#This Row],[Cantidad teórica]],"") | F67: =IF(Tabla3[[#This Row],[Fecha]]<53,"",IFERROR(Tabla3[[#This Row],[Horas]]/$F$1,"")) -> 0 | G67: =IF(Tabla3[[#This Row],[Disponibilidad]]="","",IF(Tabla3[[#This Row],[Disponibilidad]]>1,"NO","")) | H67: =IFERROR(IF(VLOOKUP(Tabla3[[#This Row],[Fecha]],Tabla1[[Día]:[P/LC/CF/CL]],5,FALSE)="LC","SI",""),"") | I67: =IFERROR(Tabla3[[#This Row],[Disponibilidad]]*Tabla3[[#This Row],[Rendimiento]], IF(Tabla3[[#This Row],[LC]]="SI", 0, "No")) -> No | J67: =IF(Tabla3[[#This Row],[OEE]]="No","",WEEKNUM(Tabla3[[#This Row],[Fecha]])) | K67: =IFERROR(IF(Tabla3[[#This Row],[OEE]]<>"No",Tabla3[[#This Row],[OEE]]/Tabla3[[#This Row],[Disponibilidad]],""),0)
A68: 45749 | B68: =SUMIFS('paradas-disp'!F:F,'paradas-disp'!A:A,Tabla3[[#This Row],[Fecha]]) -> 0 | D68: =IF(Tabla3[[#This Row],[Fecha]]<53,"",IFERROR(((HOUR(Tabla3[[#This Row],[Horas]])*60+MINUTE(Tabla3[[#This Row],[Horas]]))/60)*$D$1,"")) -> 0 | E68: =IFERROR(Tabla3[[#This Row],[Cantidad producida]]/Tabla3[[#This Row],[Cantidad teórica]],"") | F68: =IF(Tabla3[[#This Row],[Fecha]]<53,"",IFERROR(Tabla3[[#This Row],[Horas]]/$F$1,"")) -> 0 | G68: =IF(Tabla3[[#This Row],[Disponibilidad]]="","",IF(Tabla3[[#This Row],[Disponibilidad]]>1,"NO","")) | H68: =IFERROR(IF(VLOOKUP(Tabla3[[#This Row],[Fecha]],Tabla1[[Día]:[P/LC/CF/CL]],5,FALSE)="LC","SI",""),"") | I68: =IFERROR(Tabla3[[#This Row],[Disponibilidad]]*Tabla3[[#This Row],[Rendimiento]], IF(Tabla3[[#This Row],[LC]]="SI", 0, "No")) -> No | J68: =IF(Tabla3[[#This Row],[OEE]]="No","",WEEKNUM(Tabla3[[#This Row],[Fecha]])) | K68: =IFERROR(IF(Tabla3[[#This Row],[OEE]]<>"No",Tabla3[[#This Row],[OEE]]/Tabla3[[#This Row],[Disponibilidad]],""),0)
A69: 45750 | B69: =SUMIFS('paradas-disp'!F:F,'paradas-disp'!A:A,Tabla3[[#This Row],[Fecha]]) -> 0 | D69: =IF(Tabla3[[#This Row],[Fecha]]<53,"",IFERROR(((HOUR(Tabla3[[#This Row],[Horas]])*60+MINUTE(Tabla3[[#This Row],[Horas]]))/60)*$D$1,"")) -> 0 | E69: =IFERROR(Tabla3[[#This Row],[Cantidad producida]]/Tabla3[[#This Row],[Cantidad teórica]],"") | F69: =IF(Tabla3[[#This Row],[Fecha]]<53,"",IFERROR(Tabla3[[#This Row],[Horas]]/$F$1,"")) -> 0 | G69: =IF(Tabla3[[#This Row],[Disponibilidad]]="","",IF(Tabla3[[#This Row],[Disponibilidad]]>1,"NO","")) | H69: =IFERROR(IF(VLOOKUP(Tabla3[[#This Row],[Fecha]],Tabla1[[Día]:[P/LC/CF/CL]],5,FALSE)="LC","SI",""),"") | I69: =IFERROR(Tabla3[[#This Row],[Disponibilidad]]*Tabla3[[#This Row],[Rendimiento]], IF(Tabla3[[#This Row],[LC]]="SI", 0, "No")) -> No | J69: =IF(Tabla3[[#This Row],[OEE]]="No","",WEEKNUM(Tabla3[[#This Row],[Fecha]])) | K69: =IFERROR(IF(Tabla3[[#This Row],[OEE]]<>"No",Tabla3[[#This Row],[OEE]]/Tabla3[[#This Row],[Disponibilidad]],""),0)
A70: 45751 | B70: =SUMIFS('paradas-disp'!F:F,'paradas-disp'!A:A,Tabla3[[#This Row],[Fecha]]) -> 0 | D70: =IF(Tabla3[[#This Row],[Fecha]]<53,"",IFERROR(((HOUR(Tabla3[[#This Row],[Horas]])*60+MINUTE(Tabla3[[#This Row],[Horas]]))/60)*$D$1,"")) -> 0 | E70: =IFERROR(Tabla3[[#This Row],[Cantidad producida]]/Tabla3[[#This Row],[Cantidad teórica]],"") | F70: =IF(Tabla3[[#This Row],[Fecha]]<53,"",IFERROR(Tabla3[[#This Row],[Horas]]/$F$1,"")) -> 0 | G70: =IF(Tabla3[[#This Row],[Disponibilidad]]="","",IF(Tabla3[[#This Row],[Disponibilidad]]>1,"NO","")) | H70: =IFERROR(IF(VLOOKUP(Tabla3[[#This Row],[Fecha]],Tabla1[[Día]:[P/LC/CF/CL]],5,FALSE)="LC","SI",""),"") | I70: =IFERROR(Tabla3[[#This Row],[Disponibilidad]]*Tabla3[[#This Row],[Rendimiento]], IF(Tabla3[[#This Row],[LC]]="SI", 0, "No")) -> No | J70: =IF(Tabla3[[#This Row],[OEE]]="No","",WEEKNUM(Tabla3[[#This Row],[Fecha]])) | K70: =IFERROR(IF(Tabla3[[#This Row],[OEE]]<>"No",Tabla3[[#This Row],[OEE]]/Tabla3[[#This Row],[Disponibilidad]],""),0)
A71: 45752 | B71: =SUMIFS('paradas-disp'!F:F,'paradas-disp'!A:A,Tabla3[[#This Row],[Fecha]]) -> 0 | D71: =IF(Tabla3[[#This Row],[Fecha]]<53,"",IFERROR(((HOUR(Tabla3[[#This Row],[Horas]])*60+MINUTE(Tabla3[[#This Row],[Horas]]))/60)*$D$1,"")) -> 0 | E71: =IFERROR(Tabla3[[#This Row],[Cantidad producida]]/Tabla3[[#This Row],[Cantidad teórica]],"") | F71: =IF(Tabla3[[#This Row],[Fecha]]<53,"",IFERROR(Tabla3[[#This Row],[Horas]]/$F$1,"")) -> 0 | G71: =IF(Tabla3[[#This Row],[Disponibilidad]]="","",IF(Tabla3[[#This Row],[Disponibilidad]]>1,"NO","")) | H71: =IFERROR(IF(VLOOKUP(Tabla3[[#This Row],[Fecha]],Tabla1[[Día]:[P/LC/CF/CL]],5,FALSE)="LC","SI",""),"") | I71: =IFERROR(Tabla3[[#This Row],[Disponibilidad]]*Tabla3[[#This Row],[Rendimiento]], IF(Tabla3[[#This Row],[LC]]="SI", 0, "No")) -> No | J71: =IF(Tabla3[[#This Row],[OEE]]="No","",WEEKNUM(Tabla3[[#This Row],[Fecha]])) | K71: =IFERROR(IF(Tabla3[[#This Row],[OEE]]<>"No",Tabla3[[#This Row],[OEE]]/Tabla3[[#This Row],[Disponibilidad]],""),0)
A72: 45753 | B72: =SUMIFS('paradas-disp'!F:F,'paradas-disp'!A:A,Tabla3[[#This Row],[Fecha]]) -> 0 | D72: =IF(Tabla3[[#This Row],[Fecha]]<53,"",IFERROR(((HOUR(Tabla3[[#This Row],[Horas]])*60+MINUTE(Tabla3[[#This Row],[Horas]]))/60)*$D$1,"")) -> 0 | E72: =IFERROR(Tabla3[[#This Row],[Cantidad producida]]/Tabla3[[#This Row],[Cantidad teórica]],"") | F72: =IF(Tabla3[[#This Row],[Fecha]]<53,"",IFERROR(Tabla3[[#This Row],[Horas]]/$F$1,"")) -> 0 | G72: =IF(Tabla3[[#This Row],[Disponibilidad]]="","",IF(Tabla3[[#This Row],[Disponibilidad]]>1,"NO","")) | H72: =IFERROR(IF(VLOOKUP(Tabla3[[#This Row],[Fecha]],Tabla1[[Día]:[P/LC/CF/CL]],5,FALSE)="LC","SI",""),"") | I72: =IFERROR(Tabla3[[#This Row],[Disponibilidad]]*Tabla3[[#This Row],[Rendimiento]], IF(Tabla3[[#This Row],[LC]]="SI", 0, "No")) -> No | J72: =IF(Tabla3[[#This Row],[OEE]]="No","",WEEKNUM(Tabla3[[#This Row],[Fecha]])) | K72: =IFERROR(IF(Tabla3[[#This Row],[OEE]]<>"No",Tabla3[[#This Row],[OEE]]/Tabla3[[#This Row],[Disponibilidad]],""),0)
A73: 45754 | B73: =SUMIFS('paradas-disp'!F:F,'paradas-disp'!A:A,Tabla3[[#This Row],[Fecha]]) -> 0 | C73: 7112 | D73: =IF(Tabla3[[#This Row],[Fecha]]<53,"",IFERROR(((HOUR(Tabla3[[#This Row],[Horas]])*60+MINUTE(Tabla3[[#This Row],[Horas]]))/60)*$D$1,"")) -> 0 | E73: =IFERROR(Tabla3[[#This Row],[Cantidad producida]]/Tabla3[[#This Row],[Cantidad teórica]],"") | F73: =IF(Tabla3[[#This Row],[Fecha]]<53,"",IFERROR(Tabla3[[#This Row],[Horas]]/$F$1,"")) -> 0 | G73: =IF(Tabla3[[#This Row],[Disponibilidad]]="","",IF(Tabla3[[#This Row],[Disponibilidad]]>1,"NO","")) | H73: =IFERROR(IF(VLOOKUP(Tabla3[[#This Row],[Fecha]],Tabla1[[Día]:[P/LC/CF/CL]],5,FALSE)="LC","SI",""),"") | I73: =IFERROR(Tabla3[[#This Row],[Disponibilidad]]*Tabla3[[#This Row],[Rendimiento]], IF(Tabla3[[#This Row],[LC]]="SI", 0, "No")) -> No | J73: =IF(Tabla3[[#This Row],[OEE]]="No","",WEEKNUM(Tabla3[[#This Row],[Fecha]])) | K73: =IFERROR(IF(Tabla3[[#This Row],[OEE]]<>"No",Tabla3[[#This Row],[OEE]]/Tabla3[[#This Row],[Disponibilidad]],""),0)
A74: 45755 | B74: =SUMIFS('paradas-disp'!F:F,'paradas-disp'!A:A,Tabla3[[#This Row],[Fecha]]) -> 0 | D74: =IF(Tabla3[[#This Row],[Fecha]]<53,"",IFERROR(((HOUR(Tabla3[[#This Row],[Horas]])*60+MINUTE(Tabla3[[#This Row],[Horas]]))/60)*$D$1,"")) -> 0 | E74: =IFERROR(Tabla3[[#This Row],[Cantidad producida]]/Tabla3[[#This Row],[Cantidad teórica]],"") | F74: =IF(Tabla3[[#This Row],[Fecha]]<53,"",IFERROR(Tabla3[[#This Row],[Horas]]/$F$1,"")) -> 0 | G74: =IF(Tabla3[[#This Row],[Disponibilidad]]="","",IF(Tabla3[[#This Row],[Disponibilidad]]>1,"NO","")) | H74: =IFERROR(IF(VLOOKUP(Tabla3[[#This Row],[Fecha]],Tabla1[[Día]:[P/LC/CF/CL]],5,FALSE)="LC","SI",""),"") | I74: =IFERROR(Tabla3[[#This Row],[Disponibilidad]]*Tabla3[[#This Row],[Rendimiento]], IF(Tabla3[[#This Row],[LC]]="SI", 0, "No")) -> No | J74: =IF(Tabla3[[#This Row],[OEE]]="No","",WEEKNUM(Tabla3[[#This Row],[Fecha]])) | K74: =IFERROR(IF(Tabla3[[#This Row],[OEE]]<>"No",Tabla3[[#This Row],[OEE]]/Tabla3[[#This Row],[Disponibilidad]],""),0)
A75: 45756 | B75: =SUMIFS('paradas-disp'!F:F,'paradas-disp'!A:A,Tabla3[[#This Row],[Fecha]]) -> 0 | D75: =IF(Tabla3[[#This Row],[Fecha]]<53,"",IFERROR(((HOUR(Tabla3[[#This Row],[Horas]])*60+MINUTE(Tabla3[[#This Row],[Horas]]))/60)*$D$1,"")) -> 0 | E75: =IFERROR(Tabla3[[#This Row],[Cantidad producida]]/Tabla3[[#This Row],[Cantidad teórica]],"") | F75: =IF(Tabla3[[#This Row],[Fecha]]<53,"",IFERROR(Tabla3[[#This Row],[Horas]]/$F$1,"")) -> 0 | G75: =IF(Tabla3[[#This Row],[Disponibilidad]]="","",IF(Tabla3[[#This Row],[Disponibilidad]]>1,"NO","")) | H75: =IFERROR(IF(VLOOKUP(Tabla3[[#This Row],[Fecha]],Tabla1[[Día]:[P/LC/CF/CL]],5,FALSE)="LC","SI",""),"") | I75: =IFERROR(Tabla3[[#This Row],[Disponibilidad]]*Tabla3[[#This Row],[Rendimiento]], IF(Tabla3[[#This Row],[LC]]="SI", 0, "No")) -> No | J75: =IF(Tabla3[[#This Row],[OEE]]="No","",WEEKNUM(Tabla3[[#This Row],[Fecha]])) | K75: =IFERROR(IF(Tabla3[[#This Row],[OEE]]<>"No",Tabla3[[#This Row],[OEE]]/Tabla3[[#This Row],[Disponibilidad]],""),0)
A76: 45757 | B76: =SUMIFS('paradas-disp'!F:F,'paradas-disp'!A:A,Tabla3[[#This Row],[Fecha]]) -> 0 | D76: =IF(Tabla3[[#This Row],[Fecha]]<53,"",IFERROR(((HOUR(Tabla3[[#This Row],[Horas]])*60+MINUTE(Tabla3[[#This Row],[Horas]]))/60)*$D$1,"")) -> 0 | E76: =IFERROR(Tabla3[[#This Row],[Cantidad producida]]/Tabla3[[#This Row],[Cantidad teórica]],"") | F76: =IF(Tabla3[[#This Row],[Fecha]]<53,"",IFERROR(Tabla3[[#This Row],[Horas]]/$F$1,"")) -> 0 | G76: =IF(Tabla3[[#This Row],[Disponibilidad]]="","",IF(Tabla3[[#This Row],[Disponibilidad]]>1,"NO","")) | H76: =IFERROR(IF(VLOOKUP(Tabla3[[#This Row],[Fecha]],Tabla1[[Día]:[P/LC/CF/CL]],5,FALSE)="LC","SI",""),"") | I76: =IFERROR(Tabla3[[#This Row],[Disponibilidad]]*Tabla3[[#This Row],[Rendimiento]], IF(Tabla3[[#This Row],[LC]]="SI", 0, "No")) -> No | J76: =IF(Tabla3[[#This Row],[OEE]]="No","",WEEKNUM(Tabla3[[#This Row],[Fecha]])) | K76: =IFERROR(IF(Tabla3[[#This Row],[OEE]]<>"No",Tabla3[[#This Row],[OEE]]/Tabla3[[#This Row],[Disponibilidad]],""),0)
A77: 45758 | B77: =SUMIFS('paradas-disp'!F:F,'paradas-disp'!A:A,Tabla3[[#This Row],[Fecha]]) -> 0 | D77: =IF(Tabla3[[#This Row],[Fecha]]<53,"",IFERROR(((HOUR(Tabla3[[#This Row],[Horas]])*60+MINUTE(Tabla3[[#This Row],[Horas]]))/60)*$D$1,"")) -> 0 | E77: =IFERROR(Tabla3[[#This Row],[Cantidad producida]]/Tabla3[[#This Row],[Cantidad teórica]],"") | F77: =IF(Tabla3[[#This Row],[Fecha]]<53,"",IFERROR(Tabla3[[#This Row],[Horas]]/$F$1,"")) -> 0 | G77: =IF(Tabla3[[#This Row],[Disponibilidad]]="","",IF(Tabla3[[#This Row],[Disponibilidad]]>1,"NO","")) | H77: =IFERROR(IF(VLOOKUP(Tabla3[[#This Row],[Fecha]],Tabla1[[Día]:[P/LC/CF/CL]],5,FALSE)="LC","SI",""),"") -> SI | I77: =IFERROR(Tabla3[[#This Row],[Disponibilidad]]*Tabla3[[#This Row],[Rendimiento]], IF(Tabla3[[#This Row],[LC]]="SI", 0, "No")) -> 0 | J77: =IF(Tabla3[[#This Row],[OEE]]="No","",WEEKNUM(Tabla3[[#This Row],[Fecha]])) -> 15 | K77: =IFERROR(IF(Tabla3[[#This Row],[OEE]]<>"No",Tabla3[[#This Row],[OEE]]/Tabla3[[#This Row],[Disponibilidad]],""),0) -> 0
A78: 45759 | B78: =SUMIFS('paradas-disp'!F:F,'paradas-disp'!A:A,Tabla3[[#This Row],[Fecha]]) -> 0 | D78: =IF(Tabla3[[#This Row],[Fecha]]<53,"",IFERROR(((HOUR(Tabla3[[#This Row],[Horas]])*60+MINUTE(Tabla3[[#This Row],[Horas]]))/60)*$D$1,"")) -> 0 | E78: =IFERROR(Tabla3[[#This Row],[Cantidad producida]]/Tabla3[[#This Row],[Cantidad teórica]],"") | F78: =IF(Tabla3[[#This Row],[Fecha]]<53,"",IFERROR(Tabla3[[#This Row],[Horas]]/$F$1,"")) -> 0 | G78: =IF(Tabla3[[#This Row],[Disponibilidad]]="","",IF(Tabla3[[#This Row],[Disponibilidad]]>1,"NO","")) | H78: =IFERROR(IF(VLOOKUP(Tabla3[[#This Row],[Fecha]],Tabla1[[Día]:[P/LC/CF/CL]],5,FALSE)="LC","SI",""),"") | I78: =IFERROR(Tabla3[[#This Row],[Disponibilidad]]*Tabla3[[#This Row],[Rendimiento]], IF(Tabla3[[#This Row],[LC]]="SI", 0, "No")) -> No | J78: =IF(Tabla3[[#This Row],[OEE]]="No","",WEEKNUM(Tabla3[[#This Row],[Fecha]])) | K78: =IFERROR(IF(Tabla3[[#This Row],[OEE]]<>"No",Tabla3[[#This Row],[OEE]]/Tabla3[[#This Row],[Disponibilidad]],""),0)
A79: 45760 | B79: =SUMIFS('paradas-disp'!F:F,'paradas-disp'!A:A,Tabla3[[#This Row],[Fecha]]) -> 0 | D79: =IF(Tabla3[[#This Row],[Fecha]]<53,"",IFERROR(((HOUR(Tabla3[[#This Row],[Horas]])*60+MINUTE(Tabla3[[#This Row],[Horas]]))/60)*$D$1,"")) -> 0 | E79: =IFERROR(Tabla3[[#This Row],[Cantidad producida]]/Tabla3[[#This Row],[Cantidad teórica]],"") | F79: =IF(Tabla3[[#This Row],[Fecha]]<53,"",IFERROR(Tabla3[[#This Row],[Horas]]/$F$1,"")) -> 0 | G79: =IF(Tabla3[[#This Row],[Disponibilidad]]="","",IF(Tabla3[[#This Row],[Disponibilidad]]>1,"NO","")) | H79: =IFERROR(IF(VLOOKUP(Tabla3[[#This Row],[Fecha]],Tabla1[[Día]:[P/LC/CF/CL]],5,FALSE)="LC","SI",""),"") | I79: =IFERROR(Tabla3[[#This Row],[Disponibilidad]]*Tabla3[[#This Row],[Rendimiento]], IF(Tabla3[[#This Row],[LC]]="SI", 0, "No")) -> No | J79: =IF(Tabla3[[#This Row],[OEE]]="No","",WEEKNUM(Tabla3[[#This Row],[Fecha]])) | K79: =IFERROR(IF(Tabla3[[#This Row],[OEE]]<>"No",Tabla3[[#This Row],[OEE]]/Tabla3[[#This Row],[Disponibilidad]],""),0)
A80: 45761 | B80: =SUMIFS('paradas-disp'!F:F,'paradas-disp'!A:A,Tabla3[[#This Row],[Fecha]]) -> 0 | C80: 1771 | D80: =IF(Tabla3[[#This Row],[Fecha]]<53,"",IFERROR(((HOUR(Tabla3[[#This Row],[Horas]])*60+MINUTE(Tabla3[[#This Row],[Horas]]))/60)*$D$1,"")) -> 0 | E80: =IFERROR(Tabla3[[#This Row],[Cantidad producida]]/Tabla3[[#This Row],[Cantidad teórica]],"") | F80: =IF(Tabla3[[#This Row],[Fecha]]<53,"",IFERROR(Tabla3[[#This Row],[Horas]]/$F$1,"")) -> 0 | G80: =IF(Tabla3[[#This Row],[Disponibilidad]]="","",IF(Tabla3[[#This Row],[Disponibilidad]]>1,"NO","")) | H80: =IFERROR(IF(VLOOKUP(Tabla3[[#This Row],[Fecha]],Tabla1[[Día]:[P/LC/CF/CL]],5,FALSE)="LC","SI",""),"") -> SI | I80: =IFERROR(Tabla3[[#This Row],[Disponibilidad]]*Tabla3[[#This Row],[Rendimiento]], IF(Tabla3[[#This Row],[LC]]="SI", 0, "No")) -> 0 | J80: =IF(Tabla3[[#This Row],[OEE]]="No","",WEEKNUM(Tabla3[[#This Row],[Fecha]])) -> 16 | K80: =IFERROR(IF(Tabla3[[#This Row],[OEE]]<>"No",Tabla3[[#This Row],[OEE]]/Tabla3[[#This Row],[Disponibilidad]],""),0) -> 0
A81: 45762 | B81: =SUMIFS('paradas-disp'!F:F,'paradas-disp'!A:A,Tabla3[[#This Row],[Fecha]]) -> 0 | C81: 3510 | D81: =IF(Tabla3[[#This Row],[Fecha]]<53,"",IFERROR(((HOUR(Tabla3[[#This Row],[Horas]])*60+MINUTE(Tabla3[[#This Row],[Horas]]))/60)*$D$1,"")) -> 0 | E81: =IFERROR(Tabla3[[#This Row],[Cantidad producida]]/Tabla3[[#This Row],[Cantidad teórica]],"") | F81: =IF(Tabla3[[#This Row],[Fecha]]<53,"",IFERROR(Tabla3[[#This Row],[Horas]]/$F$1,"")) -> 0 | G81: =IF(Tabla3[[#This Row],[Disponibilidad]]="","",IF(Tabla3[[#This Row],[Disponibilidad]]>1,"NO","")) | H81: =IFERROR(IF(VLOOKUP(Tabla3[[#This Row],[Fecha]],Tabla1[[Día]:[P/LC/CF/CL]],5,FALSE)="LC","SI",""),"") -> SI | I81: =IFERROR(Tabla3[[#This Row],[Disponibilidad]]*Tabla3[[#This Row],[Rendimiento]], IF(Tabla3[[#This Row],[LC]]="SI", 0, "No")) -> 0 | J81: =IF(Tabla3[[#This Row],[OEE]]="No","",WEEKNUM(Tabla3[[#This Row],[Fecha]])) -> 16 | K81: =IFERROR(IF(Tabla3[[#This Row],[OEE]]<>"No",Tabla3[[#This Row],[OEE]]/Tabla3[[#This Row],[Disponibilidad]],""),0) -> 0
A82: 45763 | B82: =SUMIFS('paradas-disp'!F:F,'paradas-disp'!A:A,Tabla3[[#This Row],[Fecha]]) -> 0 | C82: 12688 | D82: =IF(Tabla3[[#This Row],[Fecha]]<53,"",IFERROR(((HOUR(Tabla3[[#This Row],[Horas]])*60+MINUTE(Tabla3[[#This Row],[Horas]]))/60)*$D$1,"")) -> 0 | E82: =IFERROR(Tabla3[[#This Row],[Cantidad producida]]/Tabla3[[#This Row],[Cantidad teórica]],"") | F82: =IF(Tabla3[[#This Row],[Fecha]]<53,"",IFERROR(Tabla3[[#This Row],[Horas]]/$F$1,"")) -> 0 | G82: =IF(Tabla3[[#This Row],[Disponibilidad]]="","",IF(Tabla3[[#This Row],[Disponibilidad]]>1,"NO","")) | H82: =IFERROR(IF(VLOOKUP(Tabla3[[#This Row],[Fecha]],Tabla1[[Día]:[P/LC/CF/CL]],5,FALSE)="LC","SI",""),"") -> SI | I82: =IFERROR(Tabla3[[#This Row],[Disponibilidad]]*Tabla3[[#This Row],[Rendimiento]], IF(Tabla3[[#This Row],[LC]]="SI", 0, "No")) -> 0 | J82: =IF(Tabla3[[#This Row],[OEE]]="No","",WEEKNUM(Tabla3[[#This Row],[Fecha]])) -> 16 | K82: =IFERROR(IF(Tabla3[[#This Row],[OEE]]<>"No",Tabla3[[#This Row],[OEE]]/Tabla3[[#This Row],[Disponibilidad]],""),0) -> 0
A83: 45764 | B83: =SUMIFS('paradas-disp'!F:F,'paradas-disp'!A:A,Tabla3[[#This Row],[Fecha]]) -> 0 | D83: =IF(Tabla3[[#This Row],[Fecha]]<53,"",IFERROR(((HOUR(Tabla3[[#This Row],[Horas]])*60+MINUTE(Tabla3[[#This Row],[Horas]]))/60)*$D$1,"")) -> 0 | E83: =IFERROR(Tabla3[[#This Row],[Cantidad producida]]/Tabla3[[#This Row],[Cantidad teórica]],"") | F83: =IF(Tabla3[[#This Row],[Fecha]]<53,"",IFERROR(Tabla3[[#This Row],[Horas]]/$F$1,"")) -> 0 | G83: =IF(Tabla3[[#This Row],[Disponibilidad]]="","",IF(Tabla3[[#This Row],[Disponibilidad]]>1,"NO","")) | H83: =IFERROR(IF(VLOOKUP(Tabla3[[#This Row],[Fecha]],Tabla1[[Día]:[P/LC/CF/CL]],5,FALSE)="LC","SI",""),"") | I83: =IFERROR(Tabla3[[#This Row],[Disponibilidad]]*Tabla3[[#This Row],[Rendimiento]], IF(Tabla3[[#This Row],[LC]]="SI", 0, "No")) -> No | J83: =IF(Tabla3[[#This Row],[OEE]]="No","",WEEKNUM(Tabla3[[#This Row],[Fecha]])) | K83: =IFERROR(IF(Tabla3[[#This Row],[OEE]]<>"No",Tabla3[[#This Row],[OEE]]/Tabla3[[#This Row],[Disponibilidad]],""),0)
A84: 45765 | B84: =SUMIFS('paradas-disp'!F:F,'paradas-disp'!A:A,Tabla3[[#This Row],[Fecha]]) -> 0 | D84: =IF(Tabla3[[#This Row],[Fecha]]<53,"",IFERROR(((HOUR(Tabla3[[#This Row],[Horas]])*60+MINUTE(Tabla3[[#This Row],[Horas]]))/60)*$D$1,"")) -> 0 | E84: =IFERROR(Tabla3[[#This Row],[Cantidad producida]]/Tabla3[[#This Row],[Cantidad teórica]],"") | F84: =IF(Tabla3[[#This Row],[Fecha]]<53,"",IFERROR(Tabla3[[#This Row],[Horas]]/$F$1,"")) -> 0 | G84: =IF(Tabla3[[#This Row],[Disponibilidad]]="","",IF(Tabla3[[#This Row],[Disponibilidad]]>1,"NO","")) | H84: =IFERROR(IF(VLOOKUP(Tabla3[[#This Row],[Fecha]],Tabla1[[Día]:[P/LC/CF/CL]],5,FALSE)="LC","SI",""),"") | I84: =IFERROR(Tabla3[[#This Row],[Disponibilidad]]*Tabla3[[#This Row],[Rendimiento]], IF(Tabla3[[#This Row],[LC]]="SI", 0, "No")) -> No | J84: =IF(Tabla3[[#This Row],[OEE]]="No","",WEEKNUM(Tabla3[[#This Row],[Fecha]])) | K84: =IFERROR(IF(Tabla3[[#This Row],[OEE]]<>"No",Tabla3[[#This Row],[OEE]]/Tabla3[[#This Row],[Disponibilidad]],""),0)
A85: 45766 | B85: =SUMIFS('paradas-disp'!F:F,'paradas-disp'!A:A,Tabla3[[#This Row],[Fecha]]) -> 0 | D85: =IF(Tabla3[[#This Row],[Fecha]]<53,"",IFERROR(((HOUR(Tabla3[[#This Row],[Horas]])*60+MINUTE(Tabla3[[#This Row],[Horas]]))/60)*$D$1,"")) -> 0 | E85: =IFERROR(Tabla3[[#This Row],[Cantidad producida]]/Tabla3[[#This Row],[Cantidad teórica]],"") | F85: =IF(Tabla3[[#This Row],[Fecha]]<53,"",IFERROR(Tabla3[[#This Row],[Horas]]/$F$1,"")) -> 0 | G85: =IF(Tabla3[[#This Row],[Disponibilidad]]="","",IF(Tabla3[[#This Row],[Disponibilidad]]>1,"NO","")) | H85: =IFERROR(IF(VLOOKUP(Tabla3[[#This Row],[Fecha]],Tabla1[[Día]:[P/LC/CF/CL]],5,FALSE)="LC","SI",""),"") | I85: =IFERROR(Tabla3[[#This Row],[Disponibilidad]]*Tabla3[[#This Row],[Rendimiento]], IF(Tabla3[[#This Row],[LC]]="SI", 0, "No")) -> No | J85: =IF(Tabla3[[#This Row],[OEE]]="No","",WEEKNUM(Tabla3[[#This Row],[Fecha]])) | K85: =IFERROR(IF(Tabla3[[#This Row],[OEE]]<>"No",Tabla3[[#This Row],[OEE]]/Tabla3[[#This Row],[Disponibilidad]],""),0)
A86: 45767 | B86: =SUMIFS('paradas-disp'!F:F,'paradas-disp'!A:A,Tabla3[[#This Row],[Fecha]]) -> 0 | D86: =IF(Tabla3[[#This Row],[Fecha]]<53,"",IFERROR(((HOUR(Tabla3[[#This Row],[Horas]])*60+MINUTE(Tabla3[[#This Row],[Horas]]))/60)*$D$1,"")) -> 0 | E86: =IFERROR(Tabla3[[#This Row],[Cantidad producida]]/Tabla3[[#This Row],[Cantidad teórica]],"") | F86: =IF(Tabla3[[#This Row],[Fecha]]<53,"",IFERROR(Tabla3[[#This Row],[Horas]]/$F$1,"")) -> 0 | G86: =IF(Tabla3[[#This Row],[Disponibilidad]]="","",IF(Tabla3[[#This Row],[Disponibilidad]]>1,"NO","")) | H86: =IFERROR(IF(VLOOKUP(Tabla3[[#This Row],[Fecha]],Tabla1[[Día]:[P/LC/CF/CL]],5,FALSE)="LC","SI",""),"") | I86: =IFERROR(Tabla3[[#This Row],[Disponibilidad]]*Tabla3[[#This Row],[Rendimiento]], IF(Tabla3[[#This Row],[LC]]="SI", 0, "No")) -> No | J86: =IF(Tabla3[[#This Row],[OEE]]="No","",WEEKNUM(Tabla3[[#This Row],[Fecha]])) | K86: =IFERROR(IF(Tabla3[[#This Row],[OEE]]<>"No",Tabla3[[#This Row],[OEE]]/Tabla3[[#This Row],[Disponibilidad]],""),0)
A87: 45768 | B87: =SUMIFS('paradas-disp'!F:F,'paradas-disp'!A:A,Tabla3[[#This Row],[Fecha]]) -> 0 | D87: =IF(Tabla3[[#This Row],[Fecha]]<53,"",IFERROR(((HOUR(Tabla3[[#This Row],[Horas]])*60+MINUTE(Tabla3[[#This Row],[Horas]]))/60)*$D$1,"")) -> 0 | E87: =IFERROR(Tabla3[[#This Row],[Cantidad producida]]/Tabla3[[#This Row],[Cantidad teórica]],"") | F87: =IF(Tabla3[[#This Row],[Fecha]]<53,"",IFERROR(Tabla3[[#This Row],[Horas]]/$F$1,"")) -> 0 | G87: =IF(Tabla3[[#This Row],[Disponibilidad]]="","",IF(Tabla3[[#This Row],[Disponibilidad]]>1,"NO","")) | H87: =IFERROR(IF(VLOOKUP(Tabla3[[#This Row],[Fecha]],Tabla1[[Día]:[P/LC/CF/CL]],5,FALSE)="LC","SI",""),"") | I87: =IFERROR(Tabla3[[#This Row],[Disponibilidad]]*Tabla3[[#This Row],[Rendimiento]], IF(Tabla3[[#This Row],[LC]]="SI", 0, "No")) -> No | J87: =IF(Tabla3[[#This Row],[OEE]]="No","",WEEKNUM(Tabla3[[#This Row],[Fecha]])) | K87: =IFERROR(IF(Tabla3[[#This Row],[OEE]]<>"No",Tabla3[[#This Row],[OEE]]/Tabla3[[#This Row],[Disponibilidad]],""),0)
A88: 45769 | B88: =SUMIFS('paradas-disp'!F:F,'paradas-disp'!A:A,Tabla3[[#This Row],[Fecha]]) -> 0.33333333 | D88: =IF(Tabla3[[#This Row],[Fecha]]<53,"",IFERROR(((HOUR(Tabla3[[#This Row],[Horas]])*60+MINUTE(Tabla3[[#This Row],[Horas]]))/60)*$D$1,"")) -> 14400 | E88: =IFERROR(Tabla3[[#This Row],[Cantidad producida]]/Tabla3[[#This Row],[Cantidad teórica]],"") -> 0 | F88: =IF(Tabla3[[#This Row],[Fecha]]<53,"",IFERROR(Tabla3[[#This Row],[Horas]]/$F$1,"")) -> 0.53333333 | G88: =IF(Tabla3[[#This Row],[Disponibilidad]]="","",IF(Tabla3[[#This Row],[Disponibilidad]]>1,"NO","")) | H88: =IFERROR(IF(VLOOKUP(Tabla3[[#This Row],[Fecha]],Tabla1[[Día]:[P/LC/CF/CL]],5,FALSE)="LC","SI",""),"") -> SI | I88: =IFERROR(Tabla3[[#This Row],[Disponibilidad]]*Tabla3[[#This Row],[Rendimiento]], IF(Tabla3[[#This Row],[LC]]="SI", 0, "No")) -> 0 | J88: =IF(Tabla3[[#This Row],[OEE]]="No","",WEEKNUM(Tabla3[[#This Row],[Fecha]])) -> 17 | K88: =IFERROR(IF(Tabla3[[#This Row],[OEE]]<>"No",Tabla3[[#This Row],[OEE]]/Tabla3[[#This Row],[Disponibilidad]],""),0) -> 0
A89: 45770 | B89: =SUMIFS('paradas-disp'!F:F,'paradas-disp'!A:A,Tabla3[[#This Row],[Fecha]]) -> 0.66666667 | C89: 15245 | D89: =IF(Tabla3[[#This Row],[Fecha]]<53,"",IFERROR(((HOUR(Tabla3[[#This Row],[Horas]])*60+MINUTE(Tabla3[[#This Row],[Horas]]))/60)*$D$1,"")) -> 28800 | E89: =IFERROR(Tabla3[[#This Row],[Cantidad producida]]/Tabla3[[#This Row],[Cantidad teórica]],"") -> 0.52934028 | F89: =IF(Tabla3[[#This Row],[Fecha]]<53,"",IFERROR(Tabla3[[#This Row],[Horas]]/$F$1,"")) -> 1.0666667 | G89: =IF(Tabla3[[#This Row],[Disponibilidad]]="","",IF(Tabla3[[#This Row],[Disponibilidad]]>1,"NO","")) -> NO | H89: =IFERROR(IF(VLOOKUP(Tabla3[[#This Row],[Fecha]],Tabla1[[Día]:[P/LC/CF/CL]],5,FALSE)="LC","SI",""),"") | I89: =IFERROR(Tabla3[[#This Row],[Disponibilidad]]*Tabla3[[#This Row],[Rendimiento]], IF(Tabla3[[#This Row],[LC]]="SI", 0, "No")) -> 0.56462963 | J89: =IF(Tabla3[[#This Row],[OEE]]="No","",WEEKNUM(Tabla3[[#This Row],[Fecha]])) -> 17 | K89: =IFERROR(IF(Tabla3[[#This Row],[OEE]]<>"No",Tabla3[[#This Row],[OEE]]/Tabla3[[#This Row],[Disponibilidad]],""),0) -> 0.52934028
A90: 45771 | B90: =SUMIFS('paradas-disp'!F:F,'paradas-disp'!A:A,Tabla3[[#This Row],[Fecha]]) -> 0.66666667 | C90: 8713 | D90: =IF(Tabla3[[#This Row],[Fecha]]<53,"",IFERROR(((HOUR(Tabla3[[#This Row],[Horas]])*60+MINUTE(Tabla3[[#This Row],[Horas]]))/60)*$D$1,"")) -> 28800 | E90: =IFERROR(Tabla3[[#This Row],[Cantidad producida]]/Tabla3[[#This Row],[Cantidad teórica]],"") -> 0.30253472 | F90: =IF(Tabla3[[#This Row],[Fecha]]<53,"",IFERROR(Tabla3[[#This Row],[Horas]]/$F$1,"")) -> 1.0666667 | G90: =IF(Tabla3[[#This Row],[Disponibilidad]]="","",IF(Tabla3[[#This Row],[Disponibilidad]]>1,"NO","")) -> NO | H90: =IFERROR(IF(VLOOKUP(Tabla3[[#This Row],[Fecha]],Tabla1[[Día]:[P/LC/CF/CL]],5,FALSE)="LC","SI",""),"") | I90: =IFERROR(Tabla3[[#This Row],[Disponibilidad]]*Tabla3[[#This Row],[Rendimiento]], IF(Tabla3[[#This Row],[LC]]="SI", 0, "No")) -> 0.3227037 | J90: =IF(Tabla3[[#This Row],[OEE]]="No","",WEEKNUM(Tabla3[[#This Row],[Fecha]])) -> 17 | K90: =IFERROR(IF(Tabla3[[#This Row],[OEE]]<>"No",Tabla3[[#This Row],[OEE]]/Tabla3[[#This Row],[Disponibilidad]],""),0) -> 0.30253472
A91: 45772 | B91: =SUMIFS('paradas-disp'!F:F,'paradas-disp'!A:A,Tabla3[[#This Row],[Fecha]]) -> 0.40277778 | C91: =7464+1203+204 -> 8871 | D91: =IF(Tabla3[[#This Row],[Fecha]]<53,"",IFERROR(((HOUR(Tabla3[[#This Row],[Horas]])*60+MINUTE(Tabla3[[#This Row],[Horas]]))/60)*$D$1,"")) -> 17400 | E91: =IFERROR(Tabla3[[#This Row],[Cantidad producida]]/Tabla3[[#This Row],[Cantidad teórica]],"") -> 0.50982759 | F91: =IF(Tabla3[[#This Row],[Fecha]]<53,"",IFERROR(Tabla3[[#This Row],[Horas]]/$F$1,"")) -> 0.64444444 | G91: =IF(Tabla3[[#This Row],[Disponibilidad]]="","",IF(Tabla3[[#This Row],[Disponibilidad]]>1,"NO","")) | H91: =IFERROR(IF(VLOOKUP(Tabla3[[#This Row],[Fecha]],Tabla1[[Día]:[P/LC/CF/CL]],5,FALSE)="LC","SI",""),"") | I91: =IFERROR(Tabla3[[#This Row],[Disponibilidad]]*Tabla3[[#This Row],[Rendimiento]], IF(Tabla3[[#This Row],[LC]]="SI", 0, "No")) -> 0.32855556 | J91: =IF(Tabla3[[#This Row],[OEE]]="No","",WEEKNUM(Tabla3[[#This Row],[Fecha]])) -> 17 | K91: =IFERROR(IF(Tabla3[[#This Row],[OEE]]<>"No",Tabla3[[#This Row],[OEE]]/Tabla3[[#This Row],[Disponibilidad]],""),0) -> 0.50982759
A92: 45773 | B92: =SUMIFS('paradas-disp'!F:F,'paradas-disp'!A:A,Tabla3[[#This Row],[Fecha]]) -> 0 | D92: =IF(Tabla3[[#This Row],[Fecha]]<53,"",IFERROR(((HOUR(Tabla3[[#This Row],[Horas]])*60+MINUTE(Tabla3[[#This Row],[Horas]]))/60)*$D$1,"")) -> 0 | E92: =IFERROR(Tabla3[[#This Row],[Cantidad producida]]/Tabla3[[#This Row],[Cantidad teórica]],"") | F92: =IF(Tabla3[[#This Row],[Fecha]]<53,"",IFERROR(Tabla3[[#This Row],[Horas]]/$F$1,"")) -> 0 | G92: =IF(Tabla3[[#This Row],[Disponibilidad]]="","",IF(Tabla3[[#This Row],[Disponibilidad]]>1,"NO","")) | H92: =IFERROR(IF(VLOOKUP(Tabla3[[#This Row],[Fecha]],Tabla1[[Día]:[P/LC/CF/CL]],5,FALSE)="LC","SI",""),"") | I92: =IFERROR(Tabla3[[#This Row],[Disponibilidad]]*Tabla3[[#This Row],[Rendimiento]], IF(Tabla3[[#This Row],[LC]]="SI", 0, "No")) -> No | J92: =IF(Tabla3[[#This Row],[OEE]]="No","",WEEKNUM(Tabla3[[#This Row],[Fecha]])) | K92: =IFERROR(IF(Tabla3[[#This Row],[OEE]]<>"No",Tabla3[[#This Row],[OEE]]/Tabla3[[#This Row],[Disponibilidad]],""),0)
A93: 45774 | B93: =SUMIFS('paradas-disp'!F:F,'paradas-disp'!A:A,Tabla3[[#This Row],[Fecha]]) -> 0 | D93: =IF(Tabla3[[#This Row],[Fecha]]<53,"",IFERROR(((HOUR(Tabla3[[#This Row],[Horas]])*60+MINUTE(Tabla3[[#This Row],[Horas]]))/60)*$D$1,"")) -> 0 | E93: =IFERROR(Tabla3[[#This Row],[Cantidad producida]]/Tabla3[[#This Row],[Cantidad teórica]],"") | F93: =IF(Tabla3[[#This Row],[Fecha]]<53,"",IFERROR(Tabla3[[#This Row],[Horas]]/$F$1,"")) -> 0 | G93: =IF(Tabla3[[#This Row],[Disponibilidad]]="","",IF(Tabla3[[#This Row],[Disponibilidad]]>1,"NO","")) | H93: =IFERROR(IF(VLOOKUP(Tabla3[[#This Row],[Fecha]],Tabla1[[Día]:[P/LC/CF/CL]],5,FALSE)="LC","SI",""),"") | I93: =IFERROR(Tabla3[[#This Row],[Disponibilidad]]*Tabla3[[#This Row],[Rendimiento]], IF(Tabla3[[#This Row],[LC]]="SI", 0, "No")) -> No | J93: =IF(Tabla3[[#This Row],[OEE]]="No","",WEEKNUM(Tabla3[[#This Row],[Fecha]])) | K93: =IFERROR(IF(Tabla3[[#This Row],[OEE]]<>"No",Tabla3[[#This Row],[OEE]]/Tabla3[[#This Row],[Disponibilidad]],""),0)
A94: 45775 | B94: =SUMIFS('paradas-disp'!F:F,'paradas-disp'!A:A,Tabla3[[#This Row],[Fecha]]) -> 0.4375 | C94: 1792 | D94: =IF(Tabla3[[#This Row],[Fecha]]<53,"",IFERROR(((HOUR(Tabla3[[#This Row],[Horas]])*60+MINUTE(Tabla3[[#This Row],[Horas]]))/60)*$D$1,"")) -> 18900 | E94: =IFERROR(Tabla3[[#This Row],[Cantidad producida]]/Tabla3[[#This Row],[Cantidad teórica]],"") -> 0.094814815 | F94: =IF(Tabla3[[#This Row],[Fecha]]<53,"",IFERROR(Tabla3[[#This Row],[Horas]]/$F$1,"")) -> 0.7 | G94: =IF(Tabla3[[#This Row],[Disponibilidad]]="","",IF(Tabla3[[#This Row],[Disponibilidad]]>1,"NO","")) | H94: =IFERROR(IF(VLOOKUP(Tabla3[[#This Row],[Fecha]],Tabla1[[Día]:[P/LC/CF/CL]],5,FALSE)="LC","SI",""),"") | I94: =IFERROR(Tabla3[[#This Row],[Disponibilidad]]*Tabla3[[#This Row],[Rendimiento]], IF(Tabla3[[#This Row],[LC]]="SI", 0, "No")) -> 0.06637037 | J94: =IF(Tabla3[[#This Row],[OEE]]="No","",WEEKNUM(Tabla3[[#This Row],[Fecha]])) -> 18 | K94: =IFERROR(IF(Tabla3[[#This Row],[OEE]]<>"No",Tabla3[[#This Row],[OEE]]/Tabla3[[#This Row],[Disponibilidad]],""),0) -> 0.094814815
A95: 45776 | B95: =SUMIFS('paradas-disp'!F:F,'paradas-disp'!A:A,Tabla3[[#This Row],[Fecha]]) -> 0.30208333 | C95: 11298 | D95: =IF(Tabla3[[#This Row],[Fecha]]<53,"",IFERROR(((HOUR(Tabla3[[#This Row],[Horas]])*60+MINUTE(Tabla3[[#This Row],[Horas]]))/60)*$D$1,"")) -> 13050 | E95: =IFERROR(Tabla3[[#This Row],[Cantidad producida]]/Tabla3[[#This Row],[Cantidad teórica]],"") -> 0.86574713 | F95: =IF(Tabla3[[#This Row],[Fecha]]<53,"",IFERROR(Tabla3[[#This Row],[Horas]]/$F$1,"")) -> 0.48333333 | G95: =IF(Tabla3[[#This Row],[Disponibilidad]]="","",IF(Tabla3[[#This Row],[Disponibilidad]]>1,"NO","")) | H95: =IFERROR(IF(VLOOKUP(Tabla3[[#This Row],[Fecha]],Tabla1[[Día]:[P/LC/CF/CL]],5,FALSE)="LC","SI",""),"") | I95: =IFERROR(Tabla3[[#This Row],[Disponibilidad]]*Tabla3[[#This Row],[Rendimiento]], IF(Tabla3[[#This Row],[LC]]="SI", 0, "No")) -> 0.41844444 | J95: =IF(Tabla3[[#This Row],[OEE]]="No","",WEEKNUM(Tabla3[[#This Row],[Fecha]])) -> 18 | K95: =IFERROR(IF(Tabla3[[#This Row],[OEE]]<>"No",Tabla3[[#This Row],[OEE]]/Tabla3[[#This Row],[Disponibilidad]],""),0) -> 0.86574713
A96: 45777 | B96: =SUMIFS('paradas-disp'!F:F,'paradas-disp'!A:A,Tabla3[[#This Row],[Fecha]]) -> 0.48263889 | C96: 5602 | D96: =IF(Tabla3[[#This Row],[Fecha]]<53,"",IFERROR(((HOUR(Tabla3[[#This Row],[Horas]])*60+MINUTE(Tabla3[[#This Row],[Horas]]))/60)*$D$1,"")) -> 20850 | E96: =IFERROR(Tabla3[[#This Row],[Cantidad producida]]/Tabla3[[#This Row],[Cantidad teórica]],"") -> 0.26868106 | F96: =IF(Tabla3[[#This Row],[Fecha]]<53,"",IFERROR(Tabla3[[#This Row],[Horas]]/$F$1,"")) -> 0.77222222 | G96: =IF(Tabla3[[#This Row],[Disponibilidad]]="","",IF(Tabla3[[#This Row],[Disponibilidad]]>1,"NO","")) | H96: =IFERROR(IF(VLOOKUP(Tabla3[[#This Row],[Fecha]],Tabla1[[Día]:[P/LC/CF/CL]],5,FALSE)="LC","SI",""),"") | I96: =IFERROR(Tabla3[[#This Row],[Disponibilidad]]*Tabla3[[#This Row],[Rendimiento]], IF(Tabla3[[#This Row],[LC]]="SI", 0, "No")) -> 0.20748148 | J96: =IF(Tabla3[[#This Row],[OEE]]="No","",WEEKNUM(Tabla3[[#This Row],[Fecha]])) -> 18 | K96: =IFERROR(IF(Tabla3[[#This Row],[OEE]]<>"No",Tabla3[[#This Row],[OEE]]/Tabla3[[#This Row],[Disponibilidad]],""),0) -> 0.26868106
A97: 45778 | B97: =SUMIFS('paradas-disp'!F:F,'paradas-disp'!A:A,Tabla3[[#This Row],[Fecha]]) -> 0 | D97: =IF(Tabla3[[#This Row],[Fecha]]<53,"",IFERROR(((HOUR(Tabla3[[#This Row],[Horas]])*60+MINUTE(Tabla3[[#This Row],[Horas]]))/60)*$D$1,"")) -> 0 | E97: =IFERROR(Tabla3[[#This Row],[Cantidad producida]]/Tabla3[[#This Row],[Cantidad teórica]],"") | F97: =IF(Tabla3[[#This Row],[Fecha]]<53,"",IFERROR(Tabla3[[#This Row],[Horas]]/$F$1,"")) -> 0 | G97: =IF(Tabla3[[#This Row],[Disponibilidad]]="","",IF(Tabla3[[#This Row],[Disponibilidad]]>1,"NO","")) | H97: =IFERROR(IF(VLOOKUP(Tabla3[[#This Row],[Fecha]],Tabla1[[Día]:[P/LC/CF/CL]],5,FALSE)="LC","SI",""),"") | I97: =IFERROR(Tabla3[[#This Row],[Disponibilidad]]*Tabla3[[#This Row],[Rendimiento]], IF(Tabla3[[#This Row],[LC]]="SI", 0, "No")) -> No | J97: =IF(Tabla3[[#This Row],[OEE]]="No","",WEEKNUM(Tabla3[[#This Row],[Fecha]])) | K97: =IFERROR(IF(Tabla3[[#This Row],[OEE]]<>"No",Tabla3[[#This Row],[OEE]]/Tabla3[[#This Row],[Disponibilidad]],""),0)
A98: 45779 | B98: =SUMIFS('paradas-disp'!F:F,'paradas-disp'!A:A,Tabla3[[#This Row],[Fecha]]) -> 0.24652778 | C98: =2208+4974 -> 7182 | D98: =IF(Tabla3[[#This Row],[Fecha]]<53,"",IFERROR(((HOUR(Tabla3[[#This Row],[Horas]])*60+MINUTE(Tabla3[[#This Row],[Horas]]))/60)*$D$1,"")) -> 10650 | E98: =IFERROR(Tabla3[[#This Row],[Cantidad producida]]/Tabla3[[#This Row],[Cantidad teórica]],"") -> 0.6743662 | F98: =39*2% -> 0.78 | G98: =IF(Tabla3[[#This Row],[Disponibilidad]]="","",IF(Tabla3[[#This Row],[Disponibilidad]]>1,"NO","")) | H98: =IFERROR(IF(VLOOKUP(Tabla3[[#This Row],[Fecha]],Tabla1[[Día]:[P/LC/CF/CL]],5,FALSE)="LC","SI",""),"") | I98: =IFERROR(Tabla3[[#This Row],[Disponibilidad]]*Tabla3[[#This Row],[Rendimiento]], IF(Tabla3[[#This Row],[LC]]="SI", 0, "No")) -> 0.52600563 | J98: =IF(Tabla3[[#This Row],[OEE]]="No","",WEEKNUM(Tabla3[[#This Row],[Fecha]])) -> 18 | K98: =IFERROR(IF(Tabla3[[#This Row],[OEE]]<>"No",Tabla3[[#This Row],[OEE]]/Tabla3[[#This Row],[Disponibilidad]],""),0) -> 0.6743662
A99: 45780 | B99: =SUMIFS('paradas-disp'!F:F,'paradas-disp'!A:A,Tabla3[[#This Row],[Fecha]]) -> 0 | D99: =IF(Tabla3[[#This Row],[Fecha]]<53,"",IFERROR(((HOUR(Tabla3[[#This Row],[Horas]])*60+MINUTE(Tabla3[[#This Row],[Horas]]))/60)*$D$1,"")) -> 0 | E99: =IFERROR(Tabla3[[#This Row],[Cantidad producida]]/Tabla3[[#This Row],[Cantidad teórica]],"") | F99: =IF(Tabla3[[#This Row],[Fecha]]<53,"",IFERROR(Tabla3[[#This Row],[Horas]]/$F$1,"")) -> 0 | G99: =IF(Tabla3[[#This Row],[Disponibilidad]]="","",IF(Tabla3[[#This Row],[Disponibilidad]]>1,"NO","")) | H99: =IFERROR(IF(VLOOKUP(Tabla3[[#This Row],[Fecha]],Tabla1[[Día]:[P/LC/CF/CL]],5,FALSE)="LC","SI",""),"") | I99: =IFERROR(Tabla3[[#This Row],[Disponibilidad]]*Tabla3[[#This Row],[Rendimiento]], IF(Tabla3[[#This Row],[LC]]="SI", 0, "No")) -> No | J99: =IF(Tabla3[[#This Row],[OEE]]="No","",WEEKNUM(Tabla3[[#This Row],[Fecha]])) | K99: =IFERROR(IF(Tabla3[[#This Row],[OEE]]<>"No",Tabla3[[#This Row],[OEE]]/Tabla3[[#This Row],[Disponibilidad]],""),0)
A100: 45781 | B100: =SUMIFS('paradas-disp'!F:F,'paradas-disp'!A:A,Tabla3[[#This Row],[Fecha]]) -> 0 | D100: =IF(Tabla3[[#This Row],[Fecha]]<53,"",IFERROR(((HOUR(Tabla3[[#This Row],[Horas]])*60+MINUTE(Tabla3[[#This Row],[Horas]]))/60)*$D$1,"")) -> 0 | E100: =IFERROR(Tabla3[[#This Row],[Cantidad producida]]/Tabla3[[#This Row],[Cantidad teórica]],"") | F100: =IF(Tabla3[[#This Row],[Fecha]]<53,"",IFERROR(Tabla3[[#This Row],[Horas]]/$F$1,"")) -> 0 | G100: =IF(Tabla3[[#This Row],[Disponibilidad]]="","",IF(Tabla3[[#This Row],[Disponibilidad]]>1,"NO","")) | H100: =IFERROR(IF(VLOOKUP(Tabla3[[#This Row],[Fecha]],Tabla1[[Día]:[P/LC/CF/CL]],5,FALSE)="LC","SI",""),"") | I100: =IFERROR(Tabla3[[#This Row],[Disponibilidad]]*Tabla3[[#This Row],[Rendimiento]], IF(Tabla3[[#This Row],[LC]]="SI", 0, "No")) -> No | J100: =IF(Tabla3[[#This Row],[OEE]]="No","",WEEKNUM(Tabla3[[#This Row],[Fecha]])) | K100: =IFERROR(IF(Tabla3[[#This Row],[OEE]]<>"No",Tabla3[[#This Row],[OEE]]/Tabla3[[#This Row],[Disponibilidad]],""),0)
...
